timestamp,open,high,low,close,volume
2025-12-24 01:00:00,0.13002,0.13038,0.12945,0.12976,11980313.0
2025-12-24 02:00:00,0.12976,0.12978,0.12781,0.12826,21356710.0
2025-12-24 03:00:00,0.12826,0.12866,0.12751,0.1285,20504275.0
2025-12-24 04:00:00,0.12849,0.12893,0.12762,0.12763,10688586.0
2025-12-24 05:00:00,0.12762,0.12799,0.127,0.12732,19712153.0
2025-12-24 06:00:00,0.12733,0.12734,0.1267,0.12723,15583255.0
2025-12-24 07:00:00,0.12724,0.1277,0.12708,0.12709,16221800.0
2025-12-24 08:00:00,0.12709,0.12736,0.12651,0.12721,19125297.0
2025-12-24 09:00:00,0.12722,0.12769,0.12722,0.12756,6496332.0
2025-12-24 10:00:00,0.12755,0.12797,0.12733,0.12759,9267293.0
2025-12-24 11:00:00,0.12759,0.12842,0.12759,0.128,10025062.0
2025-12-24 12:00:00,0.12801,0.12852,0.12772,0.12842,6870780.0
2025-12-24 13:00:00,0.12841,0.12844,0.12773,0.1281,5729350.0
2025-12-24 14:00:00,0.12811,0.12862,0.1268,0.12736,40182945.0
2025-12-24 15:00:00,0.12737,0.12846,0.12695,0.12837,19862421.0
2025-12-24 16:00:00,0.12836,0.12946,0.12806,0.1287,26788268.0
2025-12-24 17:00:00,0.12871,0.12908,0.12791,0.12796,12671398.0
2025-12-24 18:00:00,0.12796,0.12824,0.12762,0.12796,9897889.0
2025-12-24 19:00:00,0.12796,0.1282,0.12766,0.12817,9270052.0
2025-12-24 20:00:00,0.12817,0.12873,0.1281,0.12822,7184089.0
2025-12-24 21:00:00,0.12821,0.12875,0.12821,0.12856,8619716.0
2025-12-24 22:00:00,0.12855,0.12938,0.12851,0.12921,10490529.0
2025-12-24 23:00:00,0.12921,0.12927,0.12852,0.12856,8394201.0
2025-12-25 00:00:00,0.12855,0.12867,0.12791,0.12797,7837375.0
2025-12-25 01:00:00,0.12798,0.12872,0.12797,0.12863,8114101.0
2025-12-25 02:00:00,0.12862,0.12903,0.1284,0.12876,5047233.0
2025-12-25 03:00:00,0.12876,0.12909,0.12851,0.12879,7083139.0
2025-12-25 04:00:00,0.12878,0.12885,0.12858,0.12874,9537026.0
2025-12-25 05:00:00,0.12874,0.12874,0.12828,0.12839,11046028.0
2025-12-25 06:00:00,0.12838,0.12857,0.1281,0.12835,8469924.0
2025-12-25 07:00:00,0.12834,0.12837,0.12773,0.12795,11507992.0
2025-12-25 08:00:00,0.12795,0.12858,0.12681,0.1274,28607447.0
2025-12-25 09:00:00,0.1274,0.12753,0.12714,0.12746,8843882.0
2025-12-25 10:00:00,0.12746,0.12747,0.12561,0.12606,33234723.0
2025-12-25 11:00:00,0.12606,0.12653,0.126,0.12623,11336271.0
2025-12-25 12:00:00,0.12624,0.1267,0.12613,0.12668,9646725.0
2025-12-25 13:00:00,0.12668,0.1267,0.1259,0.1264,16218698.0
2025-12-25 14:00:00,0.12639,0.12654,0.12591,0.12636,19259501.0
2025-12-25 15:00:00,0.12637,0.12826,0.12622,0.12762,36768196.0
2025-12-25 16:00:00,0.12762,0.12801,0.12672,0.12708,27368125.0
2025-12-25 17:00:00,0.12708,0.12725,0.1268,0.12705,12495030.0
2025-12-25 18:00:00,0.12706,0.12764,0.12706,0.12742,14683848.0
2025-12-25 19:00:00,0.12741,0.12748,0.12693,0.12714,7206381.0
2025-12-25 20:00:00,0.12714,0.12728,0.12668,0.12707,11141295.0
2025-12-25 21:00:00,0.12706,0.1273,0.12692,0.12692,6860879.0
2025-12-25 22:00:00,0.12691,0.12695,0.12319,0.12401,59410621.0
2025-12-25 23:00:00,0.12402,0.12472,0.123,0.12365,47074023.0
2025-12-26 00:00:00,0.12364,0.124,0.12313,0.12371,38679578.0
2025-12-26 01:00:00,0.12371,0.12417,0.12358,0.12398,21465604.0
2025-12-26 02:00:00,0.12398,0.12752,0.12384,0.12628,84797402.0
2025-12-26 03:00:00,0.12629,0.1265,0.12546,0.12604,29446047.0
2025-12-26 04:00:00,0.12603,0.12607,0.12536,0.12572,53410393.0
2025-12-26 05:00:00,0.12572,0.12578,0.12528,0.12566,24272048.0
2025-12-26 06:00:00,0.12566,0.12624,0.12562,0.12599,19364760.0
2025-12-26 07:00:00,0.12599,0.12669,0.12522,0.12537,26632289.0
2025-12-26 08:00:00,0.12537,0.126,0.12535,0.12583,14579099.0
2025-12-26 09:00:00,0.12582,0.12611,0.12552,0.12588,20080819.0
2025-12-26 10:00:00,0.12588,0.12591,0.12556,0.12573,7239108.0
2025-12-26 11:00:00,0.12573,0.12573,0.12527,0.12537,9659207.0
2025-12-26 12:00:00,0.12537,0.12588,0.12536,0.12577,9508642.0
2025-12-26 13:00:00,0.12577,0.1264,0.12563,0.12621,12623072.0
2025-12-26 14:00:00,0.12621,0.12626,0.12238,0.12268,73351280.0
2025-12-26 15:00:00,0.12268,0.12268,0.12129,0.12214,89334312.0
2025-12-26 16:00:00,0.12214,0.12228,0.12064,0.12078,57724196.0
2025-12-26 17:00:00,0.12077,0.12198,0.12068,0.12163,31734942.0
2025-12-26 18:00:00,0.12163,0.12224,0.12156,0.12186,12060238.0
2025-12-26 19:00:00,0.12186,0.12247,0.12174,0.12211,17234721.0
2025-12-26 20:00:00,0.12212,0.12262,0.12186,0.12222,17433572.0
2025-12-26 21:00:00,0.12222,0.12227,0.12175,0.12179,10255447.0
2025-12-26 22:00:00,0.12179,0.12221,0.12165,0.12216,15853232.0
2025-12-26 23:00:00,0.12215,0.12218,0.12173,0.12211,23142132.0
2025-12-27 00:00:00,0.12211,0.12248,0.12193,0.12221,9700137.0
2025-12-27 01:00:00,0.12222,0.12269,0.12214,0.12268,6347767.0
2025-12-27 02:00:00,0.12268,0.12279,0.12231,0.12265,9240918.0
2025-12-27 03:00:00,0.12265,0.12342,0.12248,0.12329,11600567.0
2025-12-27 04:00:00,0.1233,0.12337,0.12274,0.12281,7718587.0
2025-12-27 05:00:00,0.12281,0.12295,0.1227,0.12284,7420405.0
2025-12-27 06:00:00,0.12283,0.12292,0.12257,0.12269,10732591.0
2025-12-27 07:00:00,0.12269,0.12323,0.12269,0.12271,8917206.0
2025-12-27 08:00:00,0.1227,0.12285,0.12245,0.12253,7968663.0
2025-12-27 09:00:00,0.12254,0.12287,0.1225,0.1227,10014808.0
2025-12-27 10:00:00,0.1227,0.12287,0.12204,0.1225,12926110.0
2025-12-27 11:00:00,0.12251,0.12312,0.12224,0.12305,12192517.0
2025-12-27 12:00:00,0.12305,0.1234,0.12278,0.12289,15466681.0
2025-12-27 13:00:00,0.12289,0.12298,0.12261,0.1227,9241173.0
2025-12-27 14:00:00,0.1227,0.12297,0.12242,0.12279,7639890.0
2025-12-27 15:00:00,0.1228,0.12322,0.12273,0.12304,8784306.0
2025-12-27 16:00:00,0.12304,0.1233,0.12264,0.12274,12029478.0
2025-12-27 17:00:00,0.12274,0.12304,0.12264,0.123,5140856.0
2025-12-27 18:00:00,0.12299,0.12307,0.12283,0.12292,6170677.0
2025-12-27 19:00:00,0.12291,0.12298,0.12275,0.12293,3720519.0
2025-12-27 20:00:00,0.12294,0.12335,0.12292,0.12301,6108061.0
2025-12-27 21:00:00,0.12301,0.1237,0.12301,0.12359,13096461.0
2025-12-27 22:00:00,0.1236,0.12452,0.12316,0.12327,14029359.0
2025-12-27 23:00:00,0.12327,0.12492,0.12327,0.12435,26013510.0
2025-12-28 00:00:00,0.12435,0.12466,0.12399,0.1241,12551504.0
2025-12-28 01:00:00,0.1241,0.1242,0.12368,0.12382,8585025.0
2025-12-28 02:00:00,0.12382,0.12429,0.12377,0.12405,7858272.0
2025-12-28 03:00:00,0.12406,0.1242,0.12395,0.12412,8225756.0
2025-12-28 04:00:00,0.12411,0.12424,0.124,0.12402,6324261.0
2025-12-28 05:00:00,0.12402,0.12409,0.12376,0.1239,8210971.0
2025-12-28 06:00:00,0.1239,0.1243,0.12382,0.12419,6552989.0
2025-12-28 07:00:00,0.12419,0.12439,0.12407,0.12417,6265789.0
2025-12-28 08:00:00,0.12418,0.1244,0.12391,0.12404,7877249.0
2025-12-28 09:00:00,0.12404,0.12405,0.12349,0.12372,10856915.0
2025-12-28 10:00:00,0.12372,0.12422,0.12368,0.12386,8049380.0
2025-12-28 11:00:00,0.12387,0.12414,0.12375,0.12397,4839042.0
2025-12-28 12:00:00,0.12398,0.12424,0.12383,0.12394,5666116.0
2025-12-28 13:00:00,0.12395,0.12423,0.12393,0.12418,5650002.0
2025-12-28 14:00:00,0.12418,0.1248,0.12414,0.12449,17266779.0
2025-12-28 15:00:00,0.12449,0.1249,0.12418,0.12425,10346004.0
2025-12-28 16:00:00,0.12425,0.12467,0.12398,0.12416,8708116.0
2025-12-28 17:00:00,0.12416,0.12459,0.12414,0.12423,4073466.0
2025-12-28 18:00:00,0.12424,0.12428,0.12314,0.12336,24643660.0
2025-12-28 19:00:00,0.12337,0.12385,0.12318,0.12346,11101162.0
2025-12-28 20:00:00,0.12346,0.12358,0.12318,0.12322,6666325.0
2025-12-28 21:00:00,0.12321,0.12346,0.12277,0.12346,16003510.0
2025-12-28 22:00:00,0.12346,0.12407,0.12293,0.12396,7209172.0
2025-12-28 23:00:00,0.12396,0.12411,0.12324,0.12393,7862734.0
2025-12-29 00:00:00,0.12394,0.1257,0.12378,0.12515,30718762.0
2025-12-29 01:00:00,0.12514,0.12604,0.12437,0.12576,36191489.0
2025-12-29 02:00:00,0.12576,0.12709,0.12576,0.12638,61035571.0
2025-12-29 03:00:00,0.12639,0.12777,0.12629,0.12749,39603895.0
2025-12-29 04:00:00,0.12749,0.12805,0.1273,0.12737,31446087.0
2025-12-29 05:00:00,0.12737,0.12766,0.12682,0.12688,22078034.0
2025-12-29 06:00:00,0.12689,0.12722,0.12655,0.12696,19240864.0
2025-12-29 07:00:00,0.12697,0.12724,0.12622,0.12715,26862296.0
2025-12-29 08:00:00,0.12716,0.12723,0.12647,0.12666,21285759.0
2025-12-29 09:00:00,0.12666,0.12676,0.12432,0.12496,57362604.0
2025-12-29 10:00:00,0.12495,0.1258,0.12481,0.12528,21482071.0
2025-12-29 11:00:00,0.12528,0.12549,0.12488,0.1249,14968018.0
2025-12-29 12:00:00,0.12489,0.12502,0.12251,0.12393,56390875.0
2025-12-29 13:00:00,0.12393,0.12404,0.12315,0.12357,18743384.0
2025-12-29 14:00:00,0.12356,0.12491,0.12323,0.1237,55910343.0
2025-12-29 15:00:00,0.1237,0.12475,0.12354,0.1241,37914228.0
2025-12-29 16:00:00,0.1241,0.12413,0.12325,0.12365,16510260.0
2025-12-29 17:00:00,0.12366,0.12404,0.12325,0.12402,16291385.0
2025-12-29 18:00:00,0.12402,0.12417,0.12273,0.12303,18390832.0
2025-12-29 19:00:00,0.12304,0.12348,0.1228,0.12286,19459782.0
2025-12-29 20:00:00,0.12287,0.12304,0.12228,0.1225,18774861.0
2025-12-29 21:00:00,0.1225,0.12304,0.12242,0.12291,10038875.0
2025-12-29 22:00:00,0.12291,0.1233,0.12238,0.12288,11813445.0
2025-12-29 23:00:00,0.12289,0.12317,0.12272,0.12288,11012404.0
2025-12-30 00:00:00,0.12288,0.1231,0.12255,0.12285,7785526.0
2025-12-30 01:00:00,0.12286,0.12307,0.12253,0.1229,8126196.0
2025-12-30 02:00:00,0.1229,0.12292,0.1224,0.12272,9546800.0
2025-12-30 03:00:00,0.12273,0.12374,0.12247,0.12348,12702624.0
2025-12-30 04:00:00,0.12348,0.12365,0.12323,0.12348,16054163.0
2025-12-30 05:00:00,0.12347,0.1235,0.12288,0.12296,6440955.0
2025-12-30 06:00:00,0.12296,0.12363,0.12293,0.12329,8604054.0
2025-12-30 07:00:00,0.12328,0.12384,0.12323,0.1237,13397202.0
2025-12-30 08:00:00,0.12371,0.12486,0.12371,0.12452,36343195.0
2025-12-30 09:00:00,0.12452,0.1249,0.1243,0.12459,13307814.0
2025-12-30 10:00:00,0.12459,0.12525,0.12454,0.12455,96762003.0
2025-12-30 11:00:00,0.12455,0.12498,0.12443,0.12457,27032884.0
2025-12-30 12:00:00,0.12458,0.12489,0.12353,0.12375,111311104.0
2025-12-30 13:00:00,0.12375,0.12435,0.12356,0.12418,46831582.0
2025-12-30 14:00:00,0.12418,0.12537,0.12317,0.12489,61591102.0
2025-12-30 15:00:00,0.12488,0.12508,0.12384,0.12455,20296345.0
2025-12-30 16:00:00,0.12455,0.12502,0.12388,0.12416,22556533.0
2025-12-30 17:00:00,0.12416,0.12443,0.12338,0.12373,18524122.0
2025-12-30 18:00:00,0.12372,0.12384,0.12311,0.1234,19449410.0
2025-12-30 19:00:00,0.12341,0.12348,0.1226,0.12331,23753234.0
2025-12-30 20:00:00,0.1233,0.12333,0.12257,0.12264,13099096.0
2025-12-30 21:00:00,0.12264,0.12299,0.12256,0.12286,15487418.0
2025-12-30 22:00:00,0.12286,0.12332,0.12281,0.12326,9708859.0
2025-12-30 23:00:00,0.12326,0.12347,0.12308,0.12336,8788476.0
2025-12-31 00:00:00,0.12335,0.12336,0.12291,0.12302,10248567.0
2025-12-31 01:00:00,0.12302,0.12376,0.12293,0.12331,13453096.0
2025-12-31 02:00:00,0.12331,0.12362,0.12305,0.12356,17499846.0
2025-12-31 03:00:00,0.12355,0.12362,0.12301,0.12312,6005754.0
2025-12-31 04:00:00,0.12313,0.12325,0.12296,0.12298,5538674.0
2025-12-31 05:00:00,0.12299,0.12332,0.12297,0.12317,7982833.0
2025-12-31 06:00:00,0.12316,0.12321,0.12304,0.12307,4527302.0
2025-12-31 07:00:00,0.12308,0.12338,0.12289,0.12338,10537503.0
2025-12-31 08:00:00,0.12338,0.1237,0.12298,0.12307,8794768.0
2025-12-31 09:00:00,0.12307,0.12326,0.123,0.12315,5802077.0
2025-12-31 10:00:00,0.12314,0.12326,0.12282,0.12305,8678570.0
2025-12-31 11:00:00,0.12305,0.12361,0.12299,0.12343,14652582.0
2025-12-31 12:00:00,0.12342,0.12346,0.12288,0.123,8853705.0
2025-12-31 13:00:00,0.12299,0.1233,0.12285,0.1232,10175891.0
2025-12-31 14:00:00,0.12321,0.12381,0.12276,0.12298,19116562.0
2025-12-31 15:00:00,0.12298,0.12298,0.12058,0.12116,70082469.0
2025-12-31 16:00:00,0.12116,0.12153,0.11626,0.119,198914160.0
2025-12-31 17:00:00,0.11899,0.11903,0.11793,0.11802,44340192.0
2025-12-31 18:00:00,0.11802,0.11829,0.11714,0.1172,44209622.0
2025-12-31 19:00:00,0.11721,0.11758,0.11715,0.11727,29220505.0
2025-12-31 20:00:00,0.11727,0.11738,0.11612,0.11716,58282361.0
2025-12-31 21:00:00,0.11717,0.11765,0.11712,0.11751,16306055.0
2025-12-31 22:00:00,0.1175,0.11782,0.11707,0.11769,30850534.0
2025-12-31 23:00:00,0.11768,0.11768,0.11731,0.11747,26261980.0
2026-01-01 00:00:00,0.11747,0.11798,0.11742,0.11793,28094637.0
2026-01-01 01:00:00,0.11793,0.11867,0.11792,0.11853,22374664.0
2026-01-01 02:00:00,0.11854,0.1188,0.11833,0.11856,10576648.0
2026-01-01 03:00:00,0.11857,0.1187,0.11819,0.1183,12765997.0
2026-01-01 04:00:00,0.1183,0.11843,0.11796,0.11802,13614678.0
2026-01-01 05:00:00,0.11801,0.11873,0.11799,0.11855,8270785.0
2026-01-01 06:00:00,0.11855,0.11866,0.11831,0.11845,8040695.0
2026-01-01 07:00:00,0.11845,0.11866,0.11837,0.11843,11642766.0
2026-01-01 08:00:00,0.11843,0.12042,0.11837,0.12039,36204438.0
2026-01-01 09:00:00,0.12039,0.12126,0.12021,0.12038,76309656.0
2026-01-01 10:00:00,0.12039,0.12075,0.12025,0.12055,17863954.0
2026-01-01 11:00:00,0.12056,0.12093,0.12039,0.12066,9641566.0
2026-01-01 12:00:00,0.12066,0.1208,0.12048,0.12063,11765414.0
2026-01-01 13:00:00,0.12064,0.12108,0.12058,0.12083,20091969.0
2026-01-01 14:00:00,0.12082,0.12108,0.12029,0.12076,23426043.0
2026-01-01 15:00:00,0.12076,0.1275,0.12066,0.12469,173890194.0
2026-01-01 16:00:00,0.12468,0.12555,0.12363,0.1244,111013443.0
2026-01-01 17:00:00,0.12439,0.12549,0.1243,0.12492,54109791.0
2026-01-01 18:00:00,0.12492,0.12531,0.12453,0.12478,44504112.0
2026-01-01 19:00:00,0.12478,0.12588,0.12473,0.12584,30590256.0
2026-01-01 20:00:00,0.12584,0.1264,0.12549,0.1261,60355256.0
2026-01-01 21:00:00,0.12611,0.12633,0.12567,0.12628,36320628.0
2026-01-01 22:00:00,0.12628,0.12703,0.12628,0.12665,32684620.0
2026-01-01 23:00:00,0.12665,0.12724,0.1264,0.12683,32413503.0
2026-01-02 00:00:00,0.12682,0.12695,0.12592,0.12647,29277795.0
2026-01-02 01:00:00,0.12647,0.12698,0.12625,0.12662,23342406.0
2026-01-02 02:00:00,0.12662,0.12704,0.12622,0.12687,18869870.0
2026-01-02 03:00:00,0.12687,0.12947,0.12658,0.12867,84353057.0
2026-01-02 04:00:00,0.12867,0.1291,0.12785,0.12831,38695875.0
2026-01-02 05:00:00,0.12831,0.12842,0.1275,0.12815,27822233.0
2026-01-02 06:00:00,0.12815,0.12887,0.12814,0.12858,32543522.0
2026-01-02 07:00:00,0.12859,0.12878,0.12772,0.12793,24006066.0
2026-01-02 08:00:00,0.12793,0.12894,0.12792,0.12884,45807258.0
2026-01-02 09:00:00,0.12885,0.13482,0.12867,0.13277,219178330.0
2026-01-02 10:00:00,0.13277,0.13354,0.13203,0.13301,90965781.0
2026-01-02 11:00:00,0.13301,0.13308,0.12852,0.12947,144636948.0
2026-01-02 12:00:00,0.12948,0.13192,0.12929,0.13139,67931242.0
2026-01-02 13:00:00,0.1314,0.13253,0.13115,0.13169,94715669.0
2026-01-02 14:00:00,0.13169,0.13542,0.12955,0.13403,310976637.0
2026-01-02 15:00:00,0.13403,0.13623,0.13309,0.13528,128629096.0
2026-01-02 16:00:00,0.13528,0.13855,0.13484,0.13838,152060972.0
2026-01-02 17:00:00,0.13837,0.13982,0.138,0.13931,104107565.0
2026-01-02 18:00:00,0.13932,0.13997,0.13745,0.13836,100589348.0
2026-01-02 19:00:00,0.13836,0.13954,0.13829,0.13949,60928276.0
2026-01-02 20:00:00,0.1395,0.14053,0.13892,0.13957,60697541.0
2026-01-02 21:00:00,0.13957,0.14231,0.13946,0.14137,78877346.0
2026-01-02 22:00:00,0.14136,0.14498,0.14125,0.1443,203969996.0
2026-01-02 23:00:00,0.1443,0.14435,0.14145,0.14188,97049015.0
2026-01-03 00:00:00,0.14187,0.14329,0.14186,0.14194,60078356.0
2026-01-03 01:00:00,0.14193,0.14294,0.14166,0.14214,44205725.0
2026-01-03 02:00:00,0.14215,0.14373,0.14106,0.14352,67703860.0
2026-01-03 03:00:00,0.14352,0.14451,0.14301,0.14407,44390259.0
2026-01-03 04:00:00,0.14408,0.14431,0.14263,0.14286,37753602.0
2026-01-03 05:00:00,0.14287,0.14334,0.14213,0.14295,33037909.0
2026-01-03 06:00:00,0.14294,0.14389,0.14132,0.14201,49703847.0
2026-01-03 07:00:00,0.142,0.14221,0.13914,0.14002,124675942.0
2026-01-03 08:00:00,0.14001,0.14151,0.13938,0.14087,70320406.0
2026-01-03 09:00:00,0.14088,0.14323,0.14033,0.14261,77041856.0
2026-01-03 10:00:00,0.14262,0.14329,0.14245,0.14267,46734647.0
2026-01-03 11:00:00,0.14268,0.14284,0.14221,0.14252,42660661.0
2026-01-03 12:00:00,0.14252,0.14308,0.14227,0.14262,59386740.0
2026-01-03 13:00:00,0.14263,0.14317,0.14246,0.14294,39361473.0
2026-01-03 14:00:00,0.14295,0.14346,0.14224,0.14251,33796111.0
2026-01-03 15:00:00,0.14251,0.14279,0.14221,0.14225,20223156.0
2026-01-03 16:00:00,0.14226,0.1424,0.14093,0.14119,55414214.0
2026-01-03 17:00:00,0.1412,0.14188,0.14074,0.14158,20605274.0
2026-01-03 18:00:00,0.14158,0.14244,0.14135,0.14182,18680072.0
2026-01-03 19:00:00,0.14182,0.14182,0.14142,0.14167,5469867.0
2026-01-03 20:00:00,0.14167,0.14261,0.14127,0.1423,19324827.0
2026-01-03 21:00:00,0.14231,0.14294,0.14207,0.1424,20327436.0
2026-01-03 22:00:00,0.1424,0.1432,0.14213,0.14275,17024386.0
2026-01-03 23:00:00,0.14275,0.14372,0.14271,0.14315,19975167.0
2026-01-04 00:00:00,0.14314,0.14712,0.14278,0.14635,129019184.0
2026-01-04 01:00:00,0.14634,0.14661,0.14503,0.14653,41883386.0
2026-01-04 02:00:00,0.14653,0.14749,0.14605,0.14716,41479937.0
2026-01-04 03:00:00,0.14716,0.15196,0.14675,0.15102,166912658.0
2026-01-04 04:00:00,0.15103,0.15333,0.15077,0.15207,94348479.0
2026-01-04 05:00:00,0.15208,0.15296,0.15138,0.15277,46248983.0
2026-01-04 06:00:00,0.15277,0.15413,0.14979,0.1504,108411483.0
2026-01-04 07:00:00,0.15041,0.15202,0.15025,0.15151,50703521.0
2026-01-04 08:00:00,0.15151,0.15246,0.15067,0.15216,53509841.0
2026-01-04 09:00:00,0.15216,0.1528,0.15135,0.1522,37938487.0
2026-01-04 10:00:00,0.15221,0.15286,0.15194,0.15235,29495646.0
2026-01-04 11:00:00,0.15234,0.15235,0.15115,0.15194,36830753.0
2026-01-04 12:00:00,0.15194,0.15418,0.15154,0.15294,75141522.0
2026-01-04 13:00:00,0.15293,0.1533,0.15175,0.15216,31574329.0
2026-01-04 14:00:00,0.15216,0.15255,0.15042,0.15141,57488237.0
2026-01-04 15:00:00,0.1514,0.15178,0.15042,0.15143,41870529.0
2026-01-04 16:00:00,0.15143,0.15218,0.15053,0.15196,55407716.0
2026-01-04 17:00:00,0.15196,0.15285,0.15178,0.15219,30385487.0
2026-01-04 18:00:00,0.15219,0.15227,0.15081,0.15173,29280360.0
2026-01-04 19:00:00,0.15172,0.15175,0.14771,0.14987,103241831.0
2026-01-04 20:00:00,0.14987,0.15069,0.14962,0.14992,20432107.0
2026-01-04 21:00:00,0.14991,0.15069,0.14889,0.14939,31504659.0
2026-01-04 22:00:00,0.1494,0.14994,0.14859,0.14901,26037736.0
2026-01-04 23:00:00,0.14901,0.15023,0.1488,0.14953,31875989.0
2026-01-05 00:00:00,0.14952,0.15129,0.14884,0.15047,75102815.0
2026-01-05 01:00:00,0.15047,0.15248,0.15004,0.15175,71352335.0
2026-01-05 02:00:00,0.15175,0.1522,0.15051,0.15191,43342213.0
2026-01-05 03:00:00,0.1519,0.15224,0.15138,0.15157,17541116.0
2026-01-05 04:00:00,0.15157,0.15171,0.14874,0.1506,56826786.0
2026-01-05 05:00:00,0.1506,0.15105,0.15025,0.15026,22692237.0
2026-01-05 06:00:00,0.15025,0.15109,0.14931,0.15058,38461558.0
2026-01-05 07:00:00,0.15057,0.1508,0.14995,0.15,10853708.0
2026-01-05 08:00:00,0.15,0.15073,0.14923,0.14923,23765397.0
2026-01-05 09:00:00,0.14923,0.14933,0.14632,0.1469,71870096.0
2026-01-05 10:00:00,0.14691,0.14827,0.14581,0.14725,67920710.0
2026-01-05 11:00:00,0.14725,0.14792,0.14676,0.14778,30977124.0
2026-01-05 12:00:00,0.14778,0.14787,0.14691,0.14738,15346039.0
2026-01-05 13:00:00,0.14739,0.14801,0.14649,0.14701,31578185.0
2026-01-05 14:00:00,0.14701,0.14888,0.1463,0.14823,50650754.0
2026-01-05 15:00:00,0.14823,0.14946,0.14648,0.14886,71631064.0
2026-01-05 16:00:00,0.14886,0.15141,0.14844,0.15047,88550759.0
2026-01-05 17:00:00,0.15047,0.15386,0.14881,0.153,111039879.0
2026-01-05 18:00:00,0.15301,0.15305,0.15095,0.15219,53704050.0
2026-01-05 19:00:00,0.1522,0.15299,0.1513,0.15175,26764520.0
2026-01-05 20:00:00,0.15175,0.1545,0.15085,0.15145,54068635.0
2026-01-05 21:00:00,0.15145,0.15328,0.15119,0.15185,40568896.0
2026-01-05 22:00:00,0.15184,0.15321,0.15139,0.15266,22852458.0
2026-01-05 23:00:00,0.15266,0.15288,0.15164,0.15171,17584576.0
2026-01-06 00:00:00,0.15171,0.15214,0.1492,0.15199,61960895.0
2026-01-06 01:00:00,0.152,0.15451,0.15127,0.15149,69811384.0
2026-01-06 02:00:00,0.1515,0.15288,0.15137,0.15152,34351324.0
2026-01-06 03:00:00,0.15153,0.15314,0.15101,0.1528,29320186.0
2026-01-06 04:00:00,0.1528,0.15295,0.15181,0.15186,23832913.0
2026-01-06 05:00:00,0.15186,0.15206,0.15102,0.15145,27570152.0
2026-01-06 06:00:00,0.15144,0.15243,0.15053,0.15113,36360435.0
2026-01-06 07:00:00,0.15114,0.1512,0.14918,0.14957,42268020.0
2026-01-06 08:00:00,0.14958,0.15042,0.14952,0.14969,24024667.0
2026-01-06 09:00:00,0.14969,0.15091,0.14954,0.1506,16685068.0
2026-01-06 10:00:00,0.15059,0.15089,0.15011,0.15065,14898071.0
2026-01-06 11:00:00,0.15066,0.15095,0.15027,0.15048,26324700.0
2026-01-06 12:00:00,0.15047,0.15212,0.1501,0.15183,23608976.0
2026-01-06 13:00:00,0.15183,0.15206,0.15128,0.15157,18102418.0
2026-01-06 14:00:00,0.15158,0.15656,0.15158,0.15262,196734176.0
2026-01-06 15:00:00,0.15263,0.15353,0.14913,0.14999,101751650.0
2026-01-06 16:00:00,0.14998,0.15033,0.14417,0.14553,227005446.0
2026-01-06 17:00:00,0.14552,0.14666,0.14352,0.14418,111497318.0
2026-01-06 18:00:00,0.14417,0.14615,0.14366,0.14555,45112705.0
2026-01-06 19:00:00,0.14556,0.14599,0.14528,0.14588,17750217.0
2026-01-06 20:00:00,0.14588,0.14743,0.14585,0.14721,21148418.0
2026-01-06 21:00:00,0.14721,0.15086,0.14672,0.14972,60576052.0
2026-01-06 22:00:00,0.14971,0.15077,0.14959,0.14995,26769512.0
2026-01-06 23:00:00,0.14994,0.15105,0.14982,0.15055,14854044.0
2026-01-07 00:00:00,0.15055,0.15055,0.14808,0.14819,31140106.0
2026-01-07 01:00:00,0.14818,0.14873,0.14719,0.14757,33943450.0
2026-01-07 02:00:00,0.14757,0.14857,0.14693,0.14853,24796378.0
2026-01-07 03:00:00,0.14853,0.14934,0.14822,0.14838,19204722.0
2026-01-07 04:00:00,0.14838,0.14875,0.1477,0.14823,10131747.0
2026-01-07 05:00:00,0.14824,0.14853,0.14734,0.14765,13898433.0
2026-01-07 06:00:00,0.14764,0.14864,0.14763,0.14819,10105794.0
2026-01-07 07:00:00,0.14819,0.14919,0.14815,0.14907,11089471.0
2026-01-07 08:00:00,0.14907,0.15405,0.14903,0.15346,131234606.0
2026-01-07 09:00:00,0.15346,0.15348,0.14833,0.1485,84806782.0
2026-01-07 10:00:00,0.1485,0.14898,0.14753,0.14839,30416115.0
2026-01-07 11:00:00,0.14839,0.14955,0.14831,0.14891,20808892.0
2026-01-07 12:00:00,0.1489,0.14895,0.14794,0.14806,17357914.0
2026-01-07 13:00:00,0.14806,0.14886,0.14746,0.14778,17847366.0
2026-01-07 14:00:00,0.14778,0.1481,0.1451,0.14778,80953353.0
2026-01-07 15:00:00,0.14779,0.14787,0.14487,0.14611,72348380.0
2026-01-07 16:00:00,0.14611,0.14792,0.14602,0.14761,36044388.0
2026-01-07 17:00:00,0.14762,0.1485,0.14678,0.14706,31190907.0
2026-01-07 18:00:00,0.14705,0.14743,0.14606,0.14657,25345188.0
2026-01-07 19:00:00,0.14656,0.14723,0.14549,0.1466,28001528.0
2026-01-07 20:00:00,0.1466,0.14693,0.14554,0.14625,16068274.0
2026-01-07 21:00:00,0.14626,0.14702,0.14626,0.14644,10888365.0
2026-01-07 22:00:00,0.14643,0.1473,0.14544,0.14612,17625245.0
2026-01-07 23:00:00,0.14612,0.14724,0.14545,0.14642,21855012.0
2026-01-08 00:00:00,0.14642,0.14756,0.14581,0.14718,14606539.0
2026-01-08 01:00:00,0.14719,0.14777,0.14654,0.14741,17015321.0
2026-01-08 02:00:00,0.14742,0.14765,0.14565,0.14599,21649319.0
2026-01-08 03:00:00,0.14599,0.14659,0.14458,0.14525,17411086.0
2026-01-08 04:00:00,0.14525,0.14741,0.14489,0.14693,25311133.0
2026-01-08 05:00:00,0.14694,0.14736,0.1454,0.14561,15856724.0
2026-01-08 06:00:00,0.14561,0.14578,0.14238,0.1425,116045472.0
2026-01-08 07:00:00,0.14251,0.14415,0.14124,0.14399,67272482.0
2026-01-08 08:00:00,0.14399,0.14491,0.14324,0.14354,28693124.0
2026-01-08 09:00:00,0.14355,0.144,0.14226,0.14236,19079469.0
2026-01-08 10:00:00,0.14235,0.14334,0.14136,0.14303,49202837.0
2026-01-08 11:00:00,0.14302,0.14314,0.138,0.14099,153588320.0
2026-01-08 12:00:00,0.141,0.14102,0.13913,0.13954,51057350.0
2026-01-08 13:00:00,0.13954,0.14029,0.13928,0.13972,24293094.0
2026-01-08 14:00:00,0.13972,0.14021,0.13823,0.13968,57772559.0
2026-01-08 15:00:00,0.13968,0.14211,0.13902,0.14186,104525523.0
2026-01-08 16:00:00,0.14187,0.14246,0.14059,0.14237,49865493.0
2026-01-08 17:00:00,0.14238,0.14324,0.14163,0.1431,36683415.0
2026-01-08 18:00:00,0.14309,0.14317,0.14183,0.14215,18595585.0
2026-01-08 19:00:00,0.14215,0.14295,0.1417,0.1419,17470523.0
2026-01-08 20:00:00,0.1419,0.14231,0.14093,0.14205,15163109.0
2026-01-08 21:00:00,0.14206,0.14307,0.14198,0.1429,12483720.0
2026-01-08 22:00:00,0.14291,0.14345,0.14177,0.14253,14988985.0
2026-01-08 23:00:00,0.14253,0.14289,0.14194,0.14194,10878335.0
2026-01-09 00:00:00,0.14195,0.14262,0.14195,0.14252,8537480.0
2026-01-09 01:00:00,0.14252,0.14366,0.14116,0.14191,41973605.0
2026-01-09 02:00:00,0.1419,0.14338,0.14184,0.14201,17275999.0
2026-01-09 03:00:00,0.14202,0.14309,0.14184,0.143,11566193.0
2026-01-09 04:00:00,0.14301,0.14319,0.1422,0.1424,10770079.0
2026-01-09 05:00:00,0.1424,0.14305,0.14225,0.14295,13588092.0
2026-01-09 06:00:00,0.14294,0.1432,0.14256,0.14314,10085062.0
2026-01-09 07:00:00,0.14314,0.14316,0.14195,0.14196,18271990.0
2026-01-09 08:00:00,0.14197,0.14216,0.13881,0.13969,92827328.0
2026-01-09 09:00:00,0.13968,0.14101,0.13967,0.1407,22282016.0
2026-01-09 10:00:00,0.14071,0.14124,0.14039,0.14086,11401732.0
2026-01-09 11:00:00,0.14086,0.14104,0.14018,0.14034,11175637.0
2026-01-09 12:00:00,0.14034,0.14053,0.13973,0.13993,19044744.0
2026-01-09 13:00:00,0.13994,0.14163,0.13992,0.14051,39419881.0
2026-01-09 14:00:00,0.14051,0.14054,0.13861,0.13892,60406958.0
2026-01-09 15:00:00,0.13892,0.14462,0.13825,0.14211,136244821.0
2026-01-09 16:00:00,0.14212,0.14425,0.14204,0.14368,46905343.0
2026-01-09 17:00:00,0.14368,0.14381,0.14117,0.14251,27942456.0
2026-01-09 18:00:00,0.1425,0.1426,0.13907,0.14048,33245660.0
2026-01-09 19:00:00,0.14048,0.14048,0.13895,0.13954,20325198.0
2026-01-09 20:00:00,0.13953,0.14043,0.13934,0.13988,15383973.0
2026-01-09 21:00:00,0.13989,0.14097,0.13958,0.14088,15597430.0
2026-01-09 22:00:00,0.14087,0.14118,0.1402,0.14103,12421278.0
2026-01-09 23:00:00,0.14102,0.14113,0.1405,0.14071,6917986.0
2026-01-10 00:00:00,0.1407,0.14072,0.14013,0.1403,4849900.0
2026-01-10 01:00:00,0.14029,0.14052,0.14005,0.14034,4274940.0
2026-01-10 02:00:00,0.14034,0.14072,0.13975,0.14028,6946117.0
2026-01-10 03:00:00,0.14027,0.14055,0.13974,0.14028,7600474.0
2026-01-10 04:00:00,0.14029,0.14045,0.13964,0.14017,10764035.0
2026-01-10 05:00:00,0.14017,0.14054,0.14004,0.1401,4918290.0
2026-01-10 06:00:00,0.14009,0.14019,0.13946,0.1399,9875857.0
2026-01-10 07:00:00,0.1399,0.14061,0.13985,0.14039,10952896.0
2026-01-10 08:00:00,0.14039,0.14048,0.13951,0.13984,22921907.0
2026-01-10 09:00:00,0.13984,0.14039,0.13972,0.14019,22094219.0
2026-01-10 10:00:00,0.1402,0.14056,0.14006,0.14049,9326234.0
2026-01-10 11:00:00,0.14049,0.14051,0.13976,0.14003,14051557.0
2026-01-10 12:00:00,0.14003,0.14031,0.13988,0.14019,8755015.0
2026-01-10 13:00:00,0.14019,0.14045,0.13987,0.14014,6689326.0
2026-01-10 14:00:00,0.14014,0.14015,0.1396,0.13993,10339662.0
2026-01-10 15:00:00,0.13993,0.1402,0.13987,0.13998,9123551.0
2026-01-10 16:00:00,0.13997,0.14025,0.13971,0.14002,6170410.0
2026-01-10 17:00:00,0.14003,0.1403,0.13969,0.13973,7570233.0
2026-01-10 18:00:00,0.13973,0.14014,0.13951,0.13996,11348918.0
2026-01-10 19:00:00,0.13996,0.14038,0.13987,0.14033,6592177.0
2026-01-10 20:00:00,0.14034,0.14048,0.14001,0.14006,3880345.0
2026-01-10 21:00:00,0.14005,0.14007,0.13974,0.13988,7393688.0
2026-01-10 22:00:00,0.13989,0.14,0.13906,0.13918,7743488.0
2026-01-10 23:00:00,0.13919,0.13985,0.13904,0.13965,5466510.0
2026-01-11 00:00:00,0.13965,0.13965,0.13874,0.13897,16906184.0
2026-01-11 01:00:00,0.13898,0.13918,0.13856,0.13912,12086674.0
2026-01-11 02:00:00,0.13913,0.13944,0.1389,0.13909,10707957.0
2026-01-11 03:00:00,0.1391,0.13923,0.13891,0.1391,5608775.0
2026-01-11 04:00:00,0.13911,0.13924,0.13875,0.1392,9179126.0
2026-01-11 05:00:00,0.1392,0.13983,0.139,0.13954,12986271.0
2026-01-11 06:00:00,0.13953,0.13975,0.13905,0.13968,10561018.0
2026-01-11 07:00:00,0.13969,0.14005,0.13949,0.14003,6135022.0
2026-01-11 08:00:00,0.14004,0.14031,0.13979,0.14019,8949022.0
2026-01-11 09:00:00,0.14019,0.14037,0.13982,0.13999,6766282.0
2026-01-11 10:00:00,0.13999,0.1402,0.13976,0.13991,5034540.0
2026-01-11 11:00:00,0.1399,0.13991,0.13946,0.13971,7267376.0
2026-01-11 12:00:00,0.13972,0.1412,0.13964,0.14094,16085766.0
2026-01-11 13:00:00,0.14094,0.14103,0.14031,0.14047,9868916.0
2026-01-11 14:00:00,0.14046,0.14118,0.1404,0.14094,8462850.0
2026-01-11 15:00:00,0.14095,0.14109,0.13674,0.13817,75871650.0
2026-01-11 16:00:00,0.13817,0.13997,0.13807,0.13885,52202241.0
2026-01-11 17:00:00,0.13885,0.13907,0.13781,0.1388,16286178.0
2026-01-11 18:00:00,0.13881,0.13881,0.13797,0.13854,11458370.0
2026-01-11 19:00:00,0.13854,0.13859,0.13726,0.13759,15551201.0
2026-01-11 20:00:00,0.13758,0.1376,0.13585,0.13689,34468875.0
2026-01-11 21:00:00,0.13688,0.13777,0.13588,0.13764,28476369.0
2026-01-11 22:00:00,0.13764,0.13764,0.13636,0.13703,18987747.0
2026-01-11 23:00:00,0.13702,0.13833,0.13607,0.13801,19500993.0
2026-01-12 00:00:00,0.13801,0.13876,0.13664,0.13874,32677027.0
2026-01-12 01:00:00,0.13873,0.13958,0.13843,0.13919,37942022.0
2026-01-12 02:00:00,0.13919,0.14213,0.13908,0.14156,55550708.0
2026-01-12 03:00:00,0.14157,0.14237,0.14029,0.14042,43710709.0
2026-01-12 04:00:00,0.14042,0.14104,0.14016,0.14081,17708501.0
2026-01-12 05:00:00,0.1408,0.14134,0.14014,0.14101,17840763.0
2026-01-12 06:00:00,0.141,0.141,0.13947,0.13959,18357917.0
2026-01-12 07:00:00,0.13959,0.14029,0.13779,0.13793,31919397.0
2026-01-12 08:00:00,0.13792,0.13872,0.1356,0.13681,81576696.0
2026-01-12 09:00:00,0.13682,0.13718,0.13646,0.13668,25332156.0
2026-01-12 10:00:00,0.13669,0.13719,0.13612,0.13637,19791234.0
2026-01-12 11:00:00,0.13638,0.13697,0.13624,0.13669,12658431.0
2026-01-12 12:00:00,0.1367,0.13679,0.13621,0.13633,19533871.0
2026-01-12 13:00:00,0.13634,0.13653,0.13561,0.13611,26976649.0
2026-01-12 14:00:00,0.1361,0.13743,0.13492,0.1368,59540745.0
2026-01-12 15:00:00,0.1368,0.13864,0.13628,0.13847,60639943.0
2026-01-12 16:00:00,0.13846,0.14014,0.13822,0.13935,41855986.0
2026-01-12 17:00:00,0.13935,0.13967,0.13683,0.138,32502493.0
2026-01-12 18:00:00,0.13801,0.139,0.13763,0.13811,13105125.0
2026-01-12 19:00:00,0.13811,0.13846,0.13762,0.13832,7654653.0
2026-01-12 20:00:00,0.13832,0.13892,0.13718,0.13726,11741954.0
2026-01-12 21:00:00,0.13725,0.13727,0.13555,0.13615,21404532.0
2026-01-12 22:00:00,0.13615,0.13719,0.13607,0.13695,17065016.0
2026-01-12 23:00:00,0.13695,0.13706,0.13628,0.13662,13956352.0
2026-01-13 00:00:00,0.13661,0.1371,0.13636,0.13698,32287370.0
2026-01-13 01:00:00,0.13697,0.13742,0.13626,0.13666,11008282.0
2026-01-13 02:00:00,0.13666,0.13737,0.13665,0.13682,13413645.0
2026-01-13 03:00:00,0.13682,0.13739,0.13654,0.1371,13690818.0
2026-01-13 04:00:00,0.13711,0.13789,0.13711,0.13786,16102905.0
2026-01-13 05:00:00,0.13785,0.13958,0.13782,0.13892,31544951.0
2026-01-13 06:00:00,0.13893,0.13953,0.13859,0.13903,27889011.0
2026-01-13 07:00:00,0.13904,0.13907,0.1384,0.13864,15942623.0
2026-01-13 08:00:00,0.13864,0.13999,0.1386,0.1397,26624797.0
2026-01-13 09:00:00,0.13969,0.14037,0.13916,0.13962,29228505.0
2026-01-13 10:00:00,0.13961,0.1402,0.13923,0.13936,16226293.0
2026-01-13 11:00:00,0.13937,0.13941,0.13888,0.13906,22643941.0
2026-01-13 12:00:00,0.13906,0.13969,0.13875,0.13948,9674058.0
2026-01-13 13:00:00,0.13948,0.14087,0.13918,0.13963,56137580.0
2026-01-13 14:00:00,0.13962,0.14189,0.13892,0.14043,67220783.0
2026-01-13 15:00:00,0.14042,0.14235,0.13936,0.14214,53477455.0
2026-01-13 16:00:00,0.14213,0.14358,0.14207,0.14285,85834544.0
2026-01-13 17:00:00,0.14286,0.1431,0.14195,0.14242,28610023.0
2026-01-13 18:00:00,0.14242,0.14382,0.14222,0.14328,27364017.0
2026-01-13 19:00:00,0.14329,0.14478,0.14308,0.14439,29718114.0
2026-01-13 20:00:00,0.1444,0.14505,0.14353,0.1442,44335914.0
2026-01-13 21:00:00,0.14421,0.14484,0.14413,0.14457,20805177.0
2026-01-13 22:00:00,0.14457,0.15047,0.14457,0.14967,197519414.0
2026-01-13 23:00:00,0.14968,0.15095,0.14741,0.14828,84828004.0
2026-01-14 00:00:00,0.14828,0.14932,0.1479,0.14828,39802677.0
2026-01-14 01:00:00,0.14828,0.1487,0.1472,0.14765,33024349.0
2026-01-14 02:00:00,0.14765,0.14892,0.14727,0.14831,34428518.0
2026-01-14 03:00:00,0.14831,0.14976,0.14799,0.14961,34447727.0
2026-01-14 04:00:00,0.1496,0.14983,0.14849,0.14856,33252437.0
2026-01-14 05:00:00,0.14856,0.14856,0.14742,0.1477,23652946.0
2026-01-14 06:00:00,0.1477,0.14828,0.14687,0.14816,29932683.0
2026-01-14 07:00:00,0.14816,0.14885,0.14799,0.14847,21252973.0
2026-01-14 08:00:00,0.14847,0.14875,0.14785,0.14786,15993550.0
2026-01-14 09:00:00,0.14786,0.14863,0.14785,0.14821,11743780.0
2026-01-14 10:00:00,0.1482,0.1483,0.14701,0.14737,20706179.0
2026-01-14 11:00:00,0.14736,0.14739,0.14581,0.146,25808523.0
2026-01-14 12:00:00,0.14599,0.14695,0.14582,0.14663,18356712.0
2026-01-14 13:00:00,0.14663,0.14698,0.14562,0.14578,16202313.0
2026-01-14 14:00:00,0.14577,0.14945,0.14565,0.14838,66751036.0
2026-01-14 15:00:00,0.14839,0.14983,0.14745,0.14899,85759186.0
2026-01-14 16:00:00,0.14899,0.15133,0.14892,0.14976,99594167.0
2026-01-14 17:00:00,0.14976,0.15045,0.14769,0.148,49435689.0
2026-01-14 18:00:00,0.148,0.14888,0.14628,0.14766,42664944.0
2026-01-14 19:00:00,0.14766,0.14954,0.14727,0.14789,57777789.0
2026-01-14 20:00:00,0.14789,0.14916,0.1468,0.14729,54574035.0
2026-01-14 21:00:00,0.14728,0.14787,0.14672,0.14749,18681929.0
2026-01-14 22:00:00,0.14749,0.14765,0.1463,0.1466,23425991.0
2026-01-14 23:00:00,0.14661,0.14802,0.14659,0.14718,15941926.0
2026-01-15 00:00:00,0.14719,0.14721,0.14542,0.14585,32393695.0
2026-01-15 01:00:00,0.14586,0.14656,0.14434,0.14466,39670599.0
2026-01-15 02:00:00,0.14465,0.14507,0.14357,0.14401,26320147.0
2026-01-15 03:00:00,0.14401,0.14432,0.14242,0.1427,53512998.0
2026-01-15 04:00:00,0.1427,0.14366,0.14258,0.14346,27860505.0
2026-01-15 05:00:00,0.14345,0.14393,0.14327,0.14358,28047576.0
2026-01-15 06:00:00,0.14357,0.14388,0.14282,0.14314,18018643.0
2026-01-15 07:00:00,0.14314,0.14449,0.14302,0.14417,23663367.0
2026-01-15 08:00:00,0.14417,0.14424,0.14354,0.14418,12365378.0
2026-01-15 09:00:00,0.14418,0.14509,0.14343,0.14451,28070483.0
2026-01-15 10:00:00,0.1445,0.14456,0.14373,0.14404,13318319.0
2026-01-15 11:00:00,0.14404,0.14432,0.14332,0.1437,12312543.0
2026-01-15 12:00:00,0.14369,0.14438,0.14354,0.14434,14210461.0
2026-01-15 13:00:00,0.14435,0.14495,0.14401,0.14454,17326940.0
2026-01-15 14:00:00,0.14455,0.14499,0.14186,0.14282,53407347.0
2026-01-15 15:00:00,0.14281,0.1432,0.14007,0.1421,78859664.0
2026-01-15 16:00:00,0.14209,0.14246,0.14053,0.14168,129932161.0
2026-01-15 17:00:00,0.14169,0.14234,0.14064,0.14087,40776210.0
2026-01-15 18:00:00,0.14087,0.14133,0.13963,0.14011,39422806.0
2026-01-15 19:00:00,0.1401,0.14039,0.13915,0.14001,29777726.0
2026-01-15 20:00:00,0.14,0.1405,0.13881,0.1392,31820567.0
2026-01-15 21:00:00,0.13921,0.14001,0.1391,0.13969,9930948.0
2026-01-15 22:00:00,0.13968,0.1404,0.13957,0.14009,11809868.0
2026-01-15 23:00:00,0.14008,0.14031,0.13975,0.14004,12757237.0
2026-01-16 00:00:00,0.14005,0.14045,0.13988,0.14,18133085.0
2026-01-16 01:00:00,0.14001,0.14041,0.13951,0.14018,15291980.0
2026-01-16 02:00:00,0.14017,0.14023,0.13913,0.14023,33381519.0
2026-01-16 03:00:00,0.14023,0.14035,0.13935,0.13942,12396669.0
2026-01-16 04:00:00,0.13942,0.13974,0.13844,0.13899,27642027.0
2026-01-16 05:00:00,0.13899,0.14025,0.13896,0.14005,20776150.0
2026-01-16 06:00:00,0.14005,0.14036,0.13988,0.14026,9497519.0
2026-01-16 07:00:00,0.14026,0.14032,0.13967,0.14003,9831707.0
2026-01-16 08:00:00,0.14003,0.14035,0.13991,0.13997,15122722.0
2026-01-16 09:00:00,0.13997,0.14011,0.13938,0.13942,8540479.0
2026-01-16 10:00:00,0.13942,0.13951,0.13892,0.13907,11677706.0
2026-01-16 11:00:00,0.13908,0.13926,0.13703,0.13802,359419610.0
2026-01-16 12:00:00,0.13801,0.13808,0.13714,0.13798,80081207.0
2026-01-16 13:00:00,0.13798,0.13825,0.1374,0.13792,28279284.0
2026-01-16 14:00:00,0.13791,0.13842,0.13752,0.13777,38708527.0
2026-01-16 15:00:00,0.13778,0.13832,0.1351,0.13601,89857348.0
2026-01-16 16:00:00,0.13602,0.13686,0.13562,0.13651,47159139.0
2026-01-16 17:00:00,0.1365,0.13725,0.13584,0.13718,25766329.0
2026-01-16 18:00:00,0.13719,0.1374,0.13687,0.13717,16241643.0
2026-01-16 19:00:00,0.13717,0.13742,0.1364,0.13725,15748905.0
2026-01-16 20:00:00,0.13725,0.13799,0.13627,0.13794,30266547.0
2026-01-16 21:00:00,0.13795,0.13813,0.13746,0.1377,33313010.0
2026-01-16 22:00:00,0.1377,0.13816,0.13734,0.13814,19669851.0
2026-01-16 23:00:00,0.13813,0.13846,0.13791,0.13813,24038382.0
2026-01-17 00:00:00,0.13813,0.13838,0.13783,0.13819,14879436.0
2026-01-17 01:00:00,0.13819,0.13859,0.13804,0.13816,8586090.0
2026-01-17 02:00:00,0.13817,0.13821,0.1373,0.13769,24836907.0
2026-01-17 03:00:00,0.13769,0.1378,0.13731,0.1374,6817683.0
2026-01-17 04:00:00,0.13741,0.1379,0.13719,0.13775,7973813.0
2026-01-17 05:00:00,0.13775,0.13789,0.13742,0.13761,11418068.0
2026-01-17 06:00:00,0.1376,0.13762,0.13715,0.13722,13423733.0
2026-01-17 07:00:00,0.13723,0.13747,0.13682,0.1373,11499344.0
2026-01-17 08:00:00,0.1373,0.13758,0.13722,0.13751,9300237.0
2026-01-17 09:00:00,0.13752,0.1377,0.13725,0.13726,12320147.0
2026-01-17 10:00:00,0.13725,0.13774,0.13709,0.13756,7817193.0
2026-01-17 11:00:00,0.13756,0.13795,0.13723,0.13771,12593875.0
2026-01-17 12:00:00,0.1377,0.13792,0.13753,0.13759,8266693.0
2026-01-17 13:00:00,0.1376,0.13787,0.1374,0.13782,12702969.0
2026-01-17 14:00:00,0.13782,0.13858,0.13756,0.13846,16614209.0
2026-01-17 15:00:00,0.13846,0.14003,0.13822,0.13953,54556158.0
2026-01-17 16:00:00,0.13953,0.13992,0.13821,0.13873,48190725.0
2026-01-17 17:00:00,0.13873,0.13916,0.13853,0.13886,9976787.0
2026-01-17 18:00:00,0.13885,0.13893,0.13857,0.13873,6413119.0
2026-01-17 19:00:00,0.13874,0.13889,0.13845,0.13869,5981451.0
2026-01-17 20:00:00,0.1387,0.139,0.13856,0.13869,5944390.0
2026-01-17 21:00:00,0.13869,0.13871,0.13831,0.13863,7214202.0
2026-01-17 22:00:00,0.13863,0.13863,0.1373,0.13779,17022402.0
2026-01-17 23:00:00,0.13778,0.13802,0.13768,0.13788,8778048.0
2026-01-18 00:00:00,0.13788,0.13835,0.13743,0.13758,16307064.0
2026-01-18 01:00:00,0.13759,0.13768,0.13684,0.13709,23011679.0
2026-01-18 02:00:00,0.1371,0.13744,0.13681,0.13694,14832888.0
2026-01-18 03:00:00,0.13695,0.13765,0.13692,0.13742,7352967.0
2026-01-18 04:00:00,0.13742,0.13753,0.13706,0.13749,6154488.0
2026-01-18 05:00:00,0.13748,0.13749,0.13698,0.1373,9682771.0
2026-01-18 06:00:00,0.1373,0.13737,0.13697,0.13729,6505622.0
2026-01-18 07:00:00,0.13728,0.13732,0.13669,0.13714,8265331.0
2026-01-18 08:00:00,0.13714,0.13757,0.13688,0.13741,7971318.0
2026-01-18 09:00:00,0.1374,0.13761,0.13721,0.13753,5407114.0
2026-01-18 10:00:00,0.13754,0.13771,0.13707,0.13719,17483969.0
2026-01-18 11:00:00,0.13718,0.13738,0.13707,0.13716,4148690.0
2026-01-18 12:00:00,0.13717,0.13746,0.13695,0.13706,11480652.0
2026-01-18 13:00:00,0.13706,0.13733,0.13659,0.13709,17668232.0
2026-01-18 14:00:00,0.13709,0.13807,0.13663,0.13678,29086934.0
2026-01-18 15:00:00,0.13678,0.13695,0.13632,0.13656,17055820.0
2026-01-18 16:00:00,0.13657,0.13712,0.13638,0.13672,9379581.0
2026-01-18 17:00:00,0.13671,0.13698,0.13632,0.13687,13542974.0
2026-01-18 18:00:00,0.13687,0.13785,0.13659,0.13767,15935067.0
2026-01-18 19:00:00,0.13767,0.1379,0.1369,0.13717,9039197.0
2026-01-18 20:00:00,0.13717,0.13778,0.13689,0.13741,6495700.0
2026-01-18 21:00:00,0.13741,0.13754,0.13705,0.13724,5610417.0
2026-01-18 22:00:00,0.13723,0.13796,0.13722,0.1377,8267950.0
2026-01-18 23:00:00,0.1377,0.1377,0.13133,0.13164,208353525.0
2026-01-19 00:00:00,0.13163,0.13163,0.12,0.12664,620255182.0
2026-01-19 01:00:00,0.12663,0.12746,0.12612,0.12665,96637356.0
2026-01-19 02:00:00,0.12665,0.12747,0.12629,0.12717,56906852.0
2026-01-19 03:00:00,0.12717,0.1275,0.12688,0.12735,35831510.0
2026-01-19 04:00:00,0.12734,0.1276,0.1268,0.12719,38836590.0
2026-01-19 05:00:00,0.12718,0.12771,0.12695,0.12719,36248199.0
2026-01-19 06:00:00,0.12719,0.12721,0.1265,0.12684,35930078.0
2026-01-19 07:00:00,0.12684,0.1273,0.12684,0.1272,18209305.0
2026-01-19 08:00:00,0.1272,0.1284,0.12708,0.12823,54058428.0
2026-01-19 09:00:00,0.12823,0.12831,0.12755,0.12789,26282638.0
2026-01-19 10:00:00,0.12789,0.12793,0.12746,0.12777,20393927.0
2026-01-19 11:00:00,0.12778,0.12804,0.12762,0.12785,21233193.0
2026-01-19 12:00:00,0.12786,0.12826,0.12732,0.12781,26752315.0
2026-01-19 13:00:00,0.12781,0.12836,0.1276,0.12801,16538879.0
2026-01-19 14:00:00,0.12802,0.12899,0.12783,0.12825,35293760.0
2026-01-19 15:00:00,0.12825,0.12865,0.12774,0.12781,32198141.0
2026-01-19 16:00:00,0.1278,0.12952,0.12771,0.12918,35070223.0
2026-01-19 17:00:00,0.12917,0.12931,0.12869,0.12909,17684998.0
2026-01-19 18:00:00,0.12909,0.12966,0.12899,0.12907,17180619.0
2026-01-19 19:00:00,0.12908,0.13019,0.12908,0.12988,22269028.0
2026-01-19 20:00:00,0.12988,0.13053,0.12971,0.13027,19867571.0
2026-01-19 21:00:00,0.13027,0.13066,0.12953,0.12957,13819586.0
2026-01-19 22:00:00,0.12956,0.12971,0.12857,0.12861,24642762.0
2026-01-19 23:00:00,0.1286,0.1297,0.12852,0.12916,25222701.0
2026-01-20 00:00:00,0.12917,0.12934,0.12862,0.1287,14292084.0
2026-01-20 01:00:00,0.1287,0.1292,0.12807,0.12862,15635548.0
2026-01-20 02:00:00,0.12862,0.12891,0.12807,0.12845,17038488.0
2026-01-20 03:00:00,0.12846,0.12861,0.12774,0.12798,16228789.0
2026-01-20 04:00:00,0.12797,0.12824,0.12758,0.1277,15881733.0
2026-01-20 05:00:00,0.12769,0.12826,0.12716,0.12801,41946262.0
2026-01-20 06:00:00,0.12802,0.12802,0.12645,0.12685,44894095.0
2026-01-20 07:00:00,0.12685,0.12745,0.12673,0.12677,21352212.0
2026-01-20 08:00:00,0.12677,0.12703,0.1253,0.12612,63586807.0
2026-01-20 09:00:00,0.12611,0.1262,0.12543,0.12573,28590921.0
2026-01-20 10:00:00,0.12574,0.12614,0.12544,0.12554,21458189.0
2026-01-20 11:00:00,0.12554,0.12594,0.12515,0.12526,11461111.0
2026-01-20 12:00:00,0.12527,0.12599,0.12519,0.12586,12684462.0
2026-01-20 13:00:00,0.12587,0.12587,0.12461,0.12474,43963466.0
2026-01-20 14:00:00,0.12473,0.12676,0.1247,0.12564,78848279.0
2026-01-20 15:00:00,0.12565,0.12609,0.12417,0.1252,67822188.0
2026-01-20 16:00:00,0.1252,0.12568,0.12332,0.12388,58048362.0
2026-01-20 17:00:00,0.12387,0.12483,0.12329,0.12384,41048865.0
2026-01-20 18:00:00,0.12385,0.12432,0.12342,0.1237,32612622.0
2026-01-20 19:00:00,0.12371,0.12429,0.12334,0.12395,18059834.0
2026-01-20 20:00:00,0.12394,0.12448,0.12347,0.1242,23178481.0
2026-01-20 21:00:00,0.12421,0.12431,0.12355,0.12394,12445848.0
2026-01-20 22:00:00,0.12394,0.12434,0.12178,0.12367,71770159.0
2026-01-20 23:00:00,0.12367,0.12378,0.1231,0.12336,21481313.0
2026-01-21 00:00:00,0.12336,0.12523,0.1232,0.12515,43491270.0
2026-01-21 01:00:00,0.12515,0.12588,0.12508,0.12578,31470639.0
2026-01-21 02:00:00,0.12578,0.1265,0.12574,0.12587,24266806.0
2026-01-21 03:00:00,0.12587,0.12611,0.12544,0.12552,16875848.0
2026-01-21 04:00:00,0.12551,0.12574,0.1253,0.12536,8502701.0
2026-01-21 05:00:00,0.12537,0.1264,0.1253,0.12588,42295541.0
2026-01-21 06:00:00,0.12587,0.12589,0.12499,0.12532,37800254.0
2026-01-21 07:00:00,0.12532,0.1257,0.1248,0.12497,17695882.0
2026-01-21 08:00:00,0.12496,0.12503,0.1238,0.12434,23152275.0
2026-01-21 09:00:00,0.12433,0.12476,0.12405,0.12447,11449712.0
2026-01-21 10:00:00,0.12446,0.12495,0.12421,0.12423,12485572.0
2026-01-21 11:00:00,0.12422,0.12449,0.12286,0.1231,24456736.0
2026-01-21 12:00:00,0.12309,0.12325,0.12157,0.12279,62722438.0
2026-01-21 13:00:00,0.12279,0.12336,0.12238,0.12264,32062667.0
2026-01-21 14:00:00,0.12264,0.12627,0.12254,0.12584,103148957.0
2026-01-21 15:00:00,0.12583,0.12663,0.12502,0.12638,60980975.0
2026-01-21 16:00:00,0.12638,0.12645,0.1204,0.12078,88700178.0
2026-01-21 17:00:00,0.12077,0.12225,0.12029,0.12203,59436347.0
2026-01-21 18:00:00,0.12203,0.12388,0.12168,0.12355,30076627.0
2026-01-21 19:00:00,0.12355,0.12837,0.12317,0.1281,83814418.0
2026-01-21 20:00:00,0.12811,0.12834,0.12645,0.12781,34036836.0
2026-01-21 21:00:00,0.12782,0.1287,0.12749,0.12807,18550511.0
2026-01-21 22:00:00,0.12807,0.12884,0.12716,0.12728,19416828.0
2026-01-21 23:00:00,0.12729,0.12791,0.12624,0.12654,55784757.0
2026-01-22 00:00:00,0.12653,0.12748,0.12653,0.12713,22231288.0
2026-01-22 01:00:00,0.12713,0.12784,0.12694,0.12777,12568137.0
2026-01-22 02:00:00,0.12777,0.12794,0.12699,0.12709,15649419.0
2026-01-22 03:00:00,0.12709,0.12757,0.12645,0.12692,11778123.0
2026-01-22 04:00:00,0.12691,0.12742,0.12689,0.12725,13270782.0
2026-01-22 05:00:00,0.12725,0.12734,0.12683,0.12706,10462005.0
2026-01-22 06:00:00,0.12706,0.12719,0.12641,0.12677,15401475.0
2026-01-22 07:00:00,0.12678,0.12683,0.126,0.12611,14486391.0
2026-01-22 08:00:00,0.12611,0.12651,0.12575,0.12649,10730118.0
2026-01-22 09:00:00,0.12648,0.12718,0.12629,0.12695,14267020.0
2026-01-22 10:00:00,0.12695,0.12704,0.12644,0.12662,11203059.0
2026-01-22 11:00:00,0.12661,0.12661,0.12573,0.12588,17299774.0
2026-01-22 12:00:00,0.12588,0.12605,0.12563,0.12564,15505631.0
2026-01-22 13:00:00,0.12563,0.12652,0.12501,0.12544,29322410.0
2026-01-22 14:00:00,0.12543,0.12566,0.12396,0.12428,40117422.0
2026-01-22 15:00:00,0.12429,0.12495,0.12322,0.1243,38551545.0
2026-01-22 16:00:00,0.12431,0.12559,0.12413,0.12511,29803313.0
2026-01-22 17:00:00,0.12511,0.12553,0.12449,0.1253,18409613.0
2026-01-22 18:00:00,0.12529,0.12529,0.1242,0.1243,17630493.0
2026-01-22 19:00:00,0.12429,0.12516,0.1239,0.12475,10209931.0
2026-01-22 20:00:00,0.12475,0.12489,0.12365,0.12403,24132001.0
2026-01-22 21:00:00,0.12404,0.12459,0.12381,0.12401,7176848.0
2026-01-22 22:00:00,0.12402,0.12443,0.12383,0.12428,15662555.0
2026-01-22 23:00:00,0.12428,0.12452,0.12375,0.12437,9087064.0
2026-01-23 00:00:00,0.12437,0.12462,0.12404,0.1244,10972718.0
2026-01-23 01:00:00,0.1244,0.12543,0.1244,0.12529,25889107.0
2026-01-23 02:00:00,0.12529,0.12538,0.12472,0.12477,13094585.0
2026-01-23 03:00:00,0.12476,0.12574,0.12474,0.1255,21563439.0
2026-01-23 04:00:00,0.1255,0.12598,0.12527,0.12577,22473910.0
2026-01-23 05:00:00,0.12577,0.12577,0.12514,0.12536,10747156.0
2026-01-23 06:00:00,0.12537,0.12593,0.12487,0.12504,33991282.0
2026-01-23 07:00:00,0.12504,0.12535,0.12495,0.12508,12156922.0
2026-01-23 08:00:00,0.12508,0.12531,0.12419,0.12449,13858882.0
2026-01-23 09:00:00,0.12448,0.12503,0.12436,0.12482,12818307.0
2026-01-23 10:00:00,0.12482,0.12531,0.12471,0.125,7424035.0
2026-01-23 11:00:00,0.12501,0.12544,0.12495,0.12519,12065948.0
2026-01-23 12:00:00,0.12518,0.12535,0.12493,0.12516,9254955.0
2026-01-23 13:00:00,0.12516,0.12519,0.12444,0.12454,5930844.0
2026-01-23 14:00:00,0.12453,0.12459,0.12203,0.12302,68049011.0
2026-01-23 15:00:00,0.12303,0.12493,0.12251,0.12471,38547987.0
2026-01-23 16:00:00,0.12472,0.1264,0.12434,0.12576,37750167.0
2026-01-23 17:00:00,0.12576,0.12788,0.12508,0.12635,47303143.0
2026-01-23 18:00:00,0.12634,0.1271,0.12601,0.12645,23647512.0
2026-01-23 19:00:00,0.12645,0.12645,0.12433,0.12473,46555388.0
2026-01-23 20:00:00,0.12473,0.12507,0.12321,0.12381,25973163.0
2026-01-23 21:00:00,0.1238,0.12458,0.12368,0.12419,9349785.0
2026-01-23 22:00:00,0.12418,0.12516,0.12415,0.12512,12705616.0
2026-01-23 23:00:00,0.12511,0.12511,0.12436,0.12477,11458990.0
2026-01-24 00:00:00,0.12478,0.12487,0.12435,0.12436,3830989.0
2026-01-24 01:00:00,0.12435,0.12452,0.12409,0.12432,3748950.0
2026-01-24 02:00:00,0.12432,0.12452,0.12426,0.12435,3875657.0
2026-01-24 03:00:00,0.12434,0.12486,0.12426,0.12444,5737399.0
2026-01-24 04:00:00,0.12444,0.12488,0.1244,0.12457,5786952.0
2026-01-24 05:00:00,0.12458,0.12461,0.12433,0.1245,7383803.0
2026-01-24 06:00:00,0.12449,0.1246,0.12431,0.12446,6272869.0
2026-01-24 07:00:00,0.12447,0.12449,0.12402,0.1242,6325532.0
2026-01-24 08:00:00,0.1242,0.1247,0.12412,0.12469,7328003.0
2026-01-24 09:00:00,0.12468,0.12469,0.12445,0.12453,3602853.0
2026-01-24 10:00:00,0.12453,0.1248,0.12436,0.12476,5148557.0
2026-01-24 11:00:00,0.12476,0.12494,0.12461,0.12462,6663990.0
2026-01-24 12:00:00,0.12463,0.12475,0.12441,0.12457,9527791.0
2026-01-24 13:00:00,0.12458,0.12458,0.12403,0.12403,7662306.0
2026-01-24 14:00:00,0.12402,0.1243,0.12391,0.12409,22158551.0
2026-01-24 15:00:00,0.12409,0.12425,0.12352,0.12369,7828363.0
2026-01-24 16:00:00,0.12368,0.12412,0.12291,0.1239,21971352.0
2026-01-24 17:00:00,0.1239,0.12416,0.1237,0.12416,8296567.0
2026-01-24 18:00:00,0.12416,0.12422,0.124,0.12407,2556640.0
2026-01-24 19:00:00,0.12408,0.12424,0.12389,0.12415,4171375.0
2026-01-24 20:00:00,0.12414,0.12453,0.12412,0.12422,2525484.0
2026-01-24 21:00:00,0.12422,0.12434,0.12403,0.12433,5304096.0
2026-01-24 22:00:00,0.12433,0.12475,0.12431,0.12462,5733267.0
2026-01-24 23:00:00,0.12462,0.1247,0.12418,0.12423,5249309.0
2026-01-25 00:00:00,0.12422,0.12435,0.12395,0.12421,13629645.0
2026-01-25 01:00:00,0.12421,0.1243,0.1236,0.12373,11395314.0
2026-01-25 02:00:00,0.12373,0.12397,0.12366,0.12387,4589147.0
2026-01-25 03:00:00,0.12387,0.12394,0.123,0.1233,13326057.0
2026-01-25 04:00:00,0.1233,0.1236,0.12318,0.12333,4688093.0
2026-01-25 05:00:00,0.12334,0.1235,0.12322,0.12345,4230121.0
2026-01-25 06:00:00,0.12345,0.12345,0.12292,0.12317,10446114.0
2026-01-25 07:00:00,0.12318,0.12318,0.12265,0.123,7274387.0
2026-01-25 08:00:00,0.123,0.12309,0.12234,0.12269,8299829.0
2026-01-25 09:00:00,0.1227,0.12343,0.12256,0.1232,12757518.0
2026-01-25 10:00:00,0.1232,0.1237,0.12298,0.12346,12396476.0
2026-01-25 11:00:00,0.12345,0.12357,0.12315,0.12335,6175558.0
2026-01-25 12:00:00,0.12335,0.12335,0.12284,0.12326,7800540.0
2026-01-25 13:00:00,0.12325,0.12338,0.12291,0.12324,5585855.0
2026-01-25 14:00:00,0.12325,0.1233,0.12172,0.12215,27492754.0
2026-01-25 15:00:00,0.12214,0.12273,0.12199,0.1223,31829037.0
2026-01-25 16:00:00,0.1223,0.1223,0.11969,0.1209,135193678.0
2026-01-25 17:00:00,0.1209,0.12124,0.12035,0.12078,20428709.0
2026-01-25 18:00:00,0.12078,0.12094,0.11932,0.1202,66210916.0
2026-01-25 19:00:00,0.12019,0.1204,0.11764,0.1188,91963485.0
2026-01-25 20:00:00,0.11879,0.11942,0.11784,0.1184,49634078.0
2026-01-25 21:00:00,0.1184,0.1197,0.11837,0.11962,42963962.0
2026-01-25 22:00:00,0.11962,0.11965,0.11854,0.11911,30328894.0
2026-01-25 23:00:00,0.11912,0.11964,0.11851,0.11945,25837309.0
2026-01-26 00:00:00,0.11945,0.12077,0.11924,0.12068,28089538.0
2026-01-26 01:00:00,0.12069,0.12282,0.12067,0.12253,59784097.0
2026-01-26 02:00:00,0.12253,0.1226,0.12162,0.12182,28681152.0
2026-01-26 03:00:00,0.12182,0.12223,0.12104,0.12132,17237684.0
2026-01-26 04:00:00,0.12132,0.12298,0.12132,0.12207,21243014.0
2026-01-26 05:00:00,0.12208,0.12215,0.12151,0.12164,9557544.0
2026-01-26 06:00:00,0.12164,0.12184,0.12129,0.12167,28635352.0
2026-01-26 07:00:00,0.12167,0.12204,0.12148,0.12174,17776565.0
2026-01-26 08:00:00,0.12175,0.1226,0.12137,0.12178,25868833.0
2026-01-26 09:00:00,0.12178,0.12185,0.12065,0.12075,25007846.0
2026-01-26 10:00:00,0.12075,0.1214,0.12072,0.12122,11116143.0
2026-01-26 11:00:00,0.12123,0.12157,0.12045,0.12103,63843988.0
2026-01-26 12:00:00,0.12104,0.12153,0.12104,0.12135,18985144.0
2026-01-26 13:00:00,0.12135,0.12192,0.12124,0.12172,18508861.0
2026-01-26 14:00:00,0.12171,0.1233,0.12112,0.12279,63631182.0
2026-01-26 15:00:00,0.12278,0.12381,0.12173,0.12225,62978970.0
2026-01-26 16:00:00,0.12226,0.12333,0.12216,0.12267,34828358.0
2026-01-26 17:00:00,0.12268,0.12306,0.12147,0.12231,33441470.0
2026-01-26 18:00:00,0.1223,0.12349,0.12217,0.12293,28809628.0
2026-01-26 19:00:00,0.12294,0.12327,0.1222,0.12241,14265111.0
2026-01-26 20:00:00,0.1224,0.12245,0.12155,0.12175,11952614.0
2026-01-26 21:00:00,0.12174,0.1231,0.12154,0.1225,24938100.0
2026-01-26 22:00:00,0.1225,0.12295,0.12231,0.12253,39887703.0
2026-01-26 23:00:00,0.12252,0.12285,0.12219,0.12236,19018100.0
2026-01-27 00:00:00,0.12236,0.12249,0.12195,0.12224,15707380.0
2026-01-27 01:00:00,0.12224,0.12289,0.12194,0.12255,29694996.0
2026-01-27 02:00:00,0.12256,0.12325,0.12256,0.1232,14087508.0
2026-01-27 03:00:00,0.12319,0.12333,0.12273,0.12287,9934830.0
2026-01-27 04:00:00,0.12286,0.1235,0.12255,0.12284,12172655.0
2026-01-27 05:00:00,0.12285,0.12292,0.12239,0.12263,19022306.0
2026-01-27 06:00:00,0.12263,0.12269,0.12201,0.12218,23456318.0
2026-01-27 07:00:00,0.12219,0.12249,0.1221,0.1222,7185587.0
2026-01-27 08:00:00,0.12219,0.12245,0.12207,0.12222,6852761.0
2026-01-27 09:00:00,0.12222,0.12231,0.12181,0.122,22374610.0
2026-01-27 10:00:00,0.12201,0.12212,0.12168,0.12191,14316856.0
2026-01-27 11:00:00,0.12191,0.12273,0.12167,0.1224,45863698.0
2026-01-27 12:00:00,0.1224,0.12285,0.122,0.1221,17812266.0
2026-01-27 13:00:00,0.12209,0.1223,0.12139,0.12162,20966254.0
2026-01-27 14:00:00,0.12162,0.1228,0.12157,0.12189,23699960.0
2026-01-27 15:00:00,0.1219,0.12301,0.12176,0.12299,25288698.0
2026-01-27 16:00:00,0.12299,0.12565,0.12294,0.12497,135723328.0
2026-01-27 17:00:00,0.12497,0.12499,0.12178,0.12222,85464040.0
2026-01-27 18:00:00,0.12223,0.12472,0.12199,0.12425,38996386.0
2026-01-27 19:00:00,0.12424,0.12462,0.1238,0.12436,24373353.0
2026-01-27 20:00:00,0.12435,0.12601,0.12433,0.12587,44991429.0
2026-01-27 21:00:00,0.12587,0.12617,0.12511,0.12529,21993248.0
2026-01-27 22:00:00,0.12529,0.12666,0.12529,0.12617,30953678.0
2026-01-27 23:00:00,0.12617,0.12658,0.12594,0.12619,13590162.0
2026-01-28 00:00:00,0.1262,0.12641,0.12546,0.12588,21531902.0
2026-01-28 01:00:00,0.12587,0.12594,0.125,0.12521,18036120.0
2026-01-28 02:00:00,0.12521,0.12521,0.12462,0.12498,9532378.0
2026-01-28 03:00:00,0.12498,0.12508,0.12423,0.12453,25911058.0
2026-01-28 04:00:00,0.12453,0.12464,0.12393,0.12444,15196729.0
2026-01-28 05:00:00,0.12444,0.12539,0.12435,0.12525,33728727.0
2026-01-28 06:00:00,0.12526,0.12605,0.12496,0.12596,13964209.0
2026-01-28 07:00:00,0.12596,0.12605,0.12535,0.12554,11886854.0
2026-01-28 08:00:00,0.12554,0.12602,0.12546,0.12564,8745975.0
2026-01-28 09:00:00,0.12565,0.12735,0.1255,0.12715,30646475.0
2026-01-28 10:00:00,0.12715,0.12775,0.12615,0.12651,81452138.0
2026-01-28 11:00:00,0.1265,0.12727,0.12608,0.12716,22477718.0
2026-01-28 12:00:00,0.12716,0.1272,0.12599,0.12636,32849473.0
2026-01-28 13:00:00,0.12636,0.12672,0.12593,0.12606,42690756.0
2026-01-28 14:00:00,0.12606,0.12606,0.12492,0.12526,43733201.0
2026-01-28 15:00:00,0.12527,0.12559,0.12386,0.12463,30046477.0
2026-01-28 16:00:00,0.12464,0.1252,0.12416,0.1245,21485447.0
2026-01-28 17:00:00,0.12449,0.12584,0.12372,0.12526,33967451.0
2026-01-28 18:00:00,0.12525,0.12525,0.12428,0.12475,27151118.0
2026-01-28 19:00:00,0.12474,0.12565,0.12446,0.12528,35976555.0
2026-01-28 20:00:00,0.12527,0.12632,0.12487,0.12495,32728129.0
2026-01-28 21:00:00,0.12495,0.12574,0.12427,0.1255,28922030.0
2026-01-28 22:00:00,0.12551,0.12569,0.12474,0.12548,9578106.0
2026-01-28 23:00:00,0.12549,0.12568,0.12474,0.125,18983524.0
2026-01-29 00:00:00,0.125,0.12525,0.12402,0.12456,21786784.0
2026-01-29 01:00:00,0.12456,0.12477,0.12311,0.12338,26443346.0
2026-01-29 02:00:00,0.12339,0.12383,0.12185,0.12227,59282578.0
2026-01-29 03:00:00,0.12227,0.12303,0.12192,0.12222,20794703.0
2026-01-29 04:00:00,0.12223,0.12225,0.12135,0.12195,24323483.0
2026-01-29 05:00:00,0.12195,0.12248,0.12176,0.12186,14160293.0
2026-01-29 06:00:00,0.12186,0.12212,0.12171,0.1221,12288429.0
2026-01-29 07:00:00,0.1221,0.12228,0.12191,0.12201,9788319.0
2026-01-29 08:00:00,0.12202,0.12238,0.12158,0.12177,21027343.0
2026-01-29 09:00:00,0.12178,0.12201,0.12156,0.12156,14663957.0
2026-01-29 10:00:00,0.12157,0.12168,0.1206,0.12109,78844596.0
2026-01-29 11:00:00,0.12109,0.12139,0.1208,0.12115,15772594.0
2026-01-29 12:00:00,0.12115,0.12117,0.12035,0.12079,13681453.0
2026-01-29 13:00:00,0.12078,0.1211,0.12075,0.12103,6613577.0
2026-01-29 14:00:00,0.12104,0.12111,0.11867,0.11874,89442817.0
2026-01-29 15:00:00,0.11875,0.1188,0.11533,0.11623,306355135.0
2026-01-29 16:00:00,0.11622,0.11715,0.11533,0.11711,102341339.0
2026-01-29 17:00:00,0.11712,0.11881,0.11658,0.1167,70368366.0
2026-01-29 18:00:00,0.11669,0.11693,0.1144,0.11469,116533871.0
2026-01-29 19:00:00,0.11468,0.11608,0.11455,0.11555,60448158.0
2026-01-29 20:00:00,0.11556,0.11644,0.1153,0.11621,35587079.0
2026-01-29 21:00:00,0.11622,0.11707,0.11622,0.11681,29040345.0
2026-01-29 22:00:00,0.11681,0.11719,0.11666,0.11705,23252151.0
2026-01-29 23:00:00,0.11706,0.1174,0.11657,0.11728,16473112.0
2026-01-30 00:00:00,0.11729,0.11772,0.11693,0.11707,17416632.0
2026-01-30 01:00:00,0.11707,0.1173,0.11217,0.11543,216204731.0
2026-01-30 02:00:00,0.11543,0.11547,0.1131,0.11439,75172312.0
2026-01-30 03:00:00,0.1144,0.11504,0.11405,0.11426,44039018.0
2026-01-30 04:00:00,0.11426,0.11558,0.11426,0.1149,24830577.0
2026-01-30 05:00:00,0.1149,0.11525,0.11465,0.11482,17192997.0
2026-01-30 06:00:00,0.11482,0.11487,0.11221,0.11298,63535343.0
2026-01-30 07:00:00,0.11298,0.11492,0.11296,0.11453,54098011.0
2026-01-30 08:00:00,0.11454,0.11479,0.11355,0.11405,22880700.0
2026-01-30 09:00:00,0.11406,0.1143,0.11304,0.11351,25328555.0
2026-01-30 10:00:00,0.1135,0.11397,0.11317,0.11393,17873415.0
2026-01-30 11:00:00,0.11393,0.11591,0.11383,0.11554,29493224.0
2026-01-30 12:00:00,0.11554,0.11577,0.11468,0.11497,24902655.0
2026-01-30 13:00:00,0.11497,0.11527,0.11381,0.11461,53024079.0
2026-01-30 14:00:00,0.11461,0.11646,0.1146,0.11577,44203275.0
2026-01-30 15:00:00,0.11577,0.1166,0.11416,0.11605,54837288.0
2026-01-30 16:00:00,0.11605,0.11713,0.11544,0.11626,51203481.0
2026-01-30 17:00:00,0.11626,0.11721,0.11557,0.11631,31406538.0
2026-01-30 18:00:00,0.11631,0.11828,0.11352,0.11773,97664435.0
2026-01-30 19:00:00,0.11773,0.11871,0.11748,0.11776,59046243.0
2026-01-30 20:00:00,0.11776,0.11776,0.11543,0.11582,73498568.0
2026-01-30 21:00:00,0.11582,0.11694,0.11575,0.11647,36212579.0
2026-01-30 22:00:00,0.11646,0.11671,0.11556,0.11616,16349255.0
2026-01-30 23:00:00,0.11615,0.11628,0.11536,0.11581,14422320.0
2026-01-31 00:00:00,0.11582,0.11591,0.11523,0.11545,9621926.0
2026-01-31 01:00:00,0.11545,0.11593,0.11527,0.11567,7056713.0
2026-01-31 02:00:00,0.11566,0.11566,0.11483,0.11534,13215559.0
2026-01-31 03:00:00,0.11534,0.11554,0.11505,0.11519,12846215.0
2026-01-31 04:00:00,0.11518,0.11549,0.11468,0.11482,14395431.0
2026-01-31 05:00:00,0.11482,0.11482,0.1144,0.11469,25466477.0
2026-01-31 06:00:00,0.1147,0.11475,0.11339,0.11391,59286981.0
2026-01-31 07:00:00,0.11392,0.11405,0.11207,0.1128,35645382.0
2026-01-31 08:00:00,0.11281,0.11306,0.11032,0.11162,108272904.0
2026-01-31 09:00:00,0.11163,0.11269,0.11142,0.11206,33030345.0
2026-01-31 10:00:00,0.11207,0.11253,0.1116,0.11201,16607537.0
2026-01-31 11:00:00,0.112,0.11215,0.11146,0.11189,15198345.0
2026-01-31 12:00:00,0.11188,0.11188,0.11111,0.11133,26244890.0
2026-01-31 13:00:00,0.11134,0.11143,0.1102,0.11087,49741337.0
2026-01-31 14:00:00,0.11087,0.11157,0.1051,0.10698,344705056.0
2026-01-31 15:00:00,0.10698,0.1082,0.1066,0.10679,86417276.0
2026-01-31 16:00:00,0.10679,0.1081,0.10469,0.10532,182552010.0
2026-01-31 17:00:00,0.10531,0.10557,0.099,0.10213,472478127.0
2026-01-31 18:00:00,0.10213,0.10266,0.09461,0.10156,477464380.0
2026-01-31 19:00:00,0.10157,0.10294,0.10132,0.10185,208994740.0
2026-01-31 20:00:00,0.10185,0.10277,0.10053,0.10176,75552295.0
2026-01-31 21:00:00,0.10175,0.103,0.10097,0.10273,75952741.0
2026-01-31 22:00:00,0.10274,0.10288,0.10177,0.10245,41641475.0
2026-01-31 23:00:00,0.10244,0.10478,0.10242,0.10426,70571499.0
2026-02-01 00:00:00,0.10426,0.10524,0.10406,0.1049,47446214.0
2026-02-01 01:00:00,0.10491,0.10499,0.10361,0.1049,28663170.0
2026-02-01 02:00:00,0.10491,0.10559,0.1047,0.10513,23148919.0
2026-02-01 03:00:00,0.10513,0.10534,0.10461,0.10495,19629296.0
2026-02-01 04:00:00,0.10495,0.10558,0.10489,0.10512,24138695.0
2026-02-01 05:00:00,0.10512,0.10544,0.10458,0.10474,18791037.0
2026-02-01 06:00:00,0.10474,0.10564,0.10465,0.10499,20945181.0
2026-02-01 07:00:00,0.10498,0.10641,0.10445,0.1058,36577546.0
2026-02-01 08:00:00,0.10579,0.10653,0.10528,0.10597,25948092.0
2026-02-01 09:00:00,0.10597,0.10657,0.10542,0.1064,17605729.0
2026-02-01 10:00:00,0.10641,0.10643,0.10452,0.10465,36671684.0
2026-02-01 11:00:00,0.10466,0.10613,0.10466,0.1059,30287147.0
2026-02-01 12:00:00,0.1059,0.10629,0.10523,0.10578,26816076.0
2026-02-01 13:00:00,0.10577,0.10685,0.1053,0.10567,28562920.0
2026-02-01 14:00:00,0.10567,0.10636,0.10391,0.10532,88112531.0
2026-02-01 15:00:00,0.10533,0.10544,0.10258,0.10409,117386496.0
2026-02-01 16:00:00,0.10408,0.10522,0.1031,0.104,76956459.0
2026-02-01 17:00:00,0.104,0.10425,0.10301,0.1042,47093340.0
2026-02-01 18:00:00,0.10421,0.10635,0.10419,0.10551,62994265.0
2026-02-01 19:00:00,0.1055,0.10579,0.1036,0.10419,31610296.0
2026-02-01 20:00:00,0.10418,0.10581,0.10314,0.1046,51062496.0
2026-02-01 21:00:00,0.1046,0.10469,0.10321,0.10379,45078350.0
2026-02-01 22:00:00,0.1038,0.1058,0.10363,0.1047,44552645.0
2026-02-01 23:00:00,0.10469,0.10578,0.10103,0.10426,178062754.0
2026-02-02 00:00:00,0.10427,0.1061,0.10323,0.10513,65505619.0
2026-02-02 01:00:00,0.10514,0.1065,0.10329,0.10511,101561498.0
2026-02-02 02:00:00,0.10511,0.10554,0.10362,0.10387,42088454.0
2026-02-02 03:00:00,0.10387,0.10404,0.09982,0.10338,198386295.0
2026-02-02 04:00:00,0.10338,0.10518,0.10185,0.10346,93817547.0
2026-02-02 05:00:00,0.10345,0.1035,0.09993,0.10085,95786746.0
2026-02-02 06:00:00,0.10084,0.10439,0.09955,0.10306,189099476.0
2026-02-02 07:00:00,0.10306,0.10417,0.10268,0.1031,70006331.0
2026-02-02 08:00:00,0.1031,0.10446,0.10308,0.10391,51371042.0
2026-02-02 09:00:00,0.10391,0.10521,0.10314,0.10457,75700284.0
2026-02-02 10:00:00,0.10458,0.10626,0.10441,0.10489,85612670.0
2026-02-02 11:00:00,0.1049,0.10551,0.10478,0.10491,32116694.0
2026-02-02 12:00:00,0.1049,0.10653,0.1049,0.10611,38664978.0
2026-02-02 13:00:00,0.10611,0.10689,0.10582,0.1066,35131647.0
2026-02-02 14:00:00,0.10661,0.1085,0.10565,0.10748,111026253.0
2026-02-02 15:00:00,0.10748,0.11056,0.10723,0.10954,103769114.0
2026-02-02 16:00:00,0.10954,0.11,0.10842,0.10861,42735441.0
2026-02-02 17:00:00,0.10861,0.10925,0.10805,0.10852,30487249.0
2026-02-02 18:00:00,0.10852,0.10892,0.10772,0.10833,37279429.0
2026-02-02 19:00:00,0.10832,0.10858,0.10733,0.10738,22128875.0
2026-02-02 20:00:00,0.10737,0.10788,0.10704,0.1075,26787125.0
2026-02-02 21:00:00,0.1075,0.10837,0.10746,0.10822,25146863.0
2026-02-02 22:00:00,0.10822,0.10872,0.10821,0.10861,11521463.0
2026-02-02 23:00:00,0.10861,0.10865,0.10779,0.10792,18851629.0
2026-02-03 00:00:00,0.10791,0.10827,0.10742,0.10821,17806319.0
2026-02-03 01:00:00,0.1082,0.1082,0.10732,0.10787,13277415.0
2026-02-03 02:00:00,0.10787,0.10788,0.10594,0.10603,48550316.0
2026-02-03 03:00:00,0.10603,0.10768,0.10555,0.10743,94015509.0
2026-02-03 04:00:00,0.10743,0.10828,0.10695,0.10784,27693021.0
2026-02-03 05:00:00,0.10784,0.1079,0.10664,0.10669,17091984.0
2026-02-03 06:00:00,0.1067,0.10703,0.10607,0.10694,20018089.0
2026-02-03 07:00:00,0.10693,0.10903,0.10659,0.10828,51592118.0
2026-02-03 08:00:00,0.10829,0.10902,0.10782,0.10793,57182509.0
2026-02-03 09:00:00,0.10793,0.1083,0.10645,0.10708,61487235.0
2026-02-03 10:00:00,0.10709,0.10763,0.10662,0.10686,17416674.0
2026-02-03 11:00:00,0.10686,0.10706,0.10656,0.10665,16358962.0
2026-02-03 12:00:00,0.10666,0.10833,0.10627,0.10786,59029766.0
2026-02-03 13:00:00,0.10786,0.1085,0.10743,0.10835,28961774.0
2026-02-03 14:00:00,0.10834,0.10857,0.10573,0.10583,72832622.0
2026-02-03 15:00:00,0.10582,0.11053,0.10546,0.11017,195875274.0
2026-02-03 16:00:00,0.11018,0.1102,0.10602,0.10646,134294564.0
2026-02-03 17:00:00,0.10646,0.10671,0.10414,0.10425,93315350.0
2026-02-03 18:00:00,0.10425,0.10513,0.1023,0.10249,156665212.0
2026-02-03 19:00:00,0.1025,0.10698,0.10226,0.10642,126152566.0
2026-02-03 20:00:00,0.10641,0.11053,0.10523,0.10923,165630232.0
2026-02-03 21:00:00,0.10924,0.10972,0.10743,0.1077,69629003.0
2026-02-03 22:00:00,0.1077,0.10777,0.10588,0.10631,37851661.0
2026-02-03 23:00:00,0.10631,0.10639,0.10542,0.10602,31614391.0
2026-02-04 00:00:00,0.10602,0.10696,0.10553,0.10651,22045134.0
2026-02-04 01:00:00,0.10652,0.10814,0.10652,0.10783,43442654.0
2026-02-04 02:00:00,0.10782,0.10787,0.1067,0.10717,29320182.0
2026-02-04 03:00:00,0.10717,0.10947,0.10704,0.10892,45395914.0
2026-02-04 04:00:00,0.10892,0.10917,0.10832,0.10841,18948587.0
2026-02-04 05:00:00,0.10842,0.10864,0.10733,0.10773,23026702.0
2026-02-04 06:00:00,0.10772,0.10882,0.10759,0.10848,79153736.0
2026-02-04 07:00:00,0.10848,0.1089,0.10792,0.10846,28857133.0
2026-02-04 08:00:00,0.10847,0.10872,0.10781,0.10854,13365783.0
2026-02-04 09:00:00,0.10854,0.10854,0.1075,0.10783,19572253.0
2026-02-04 10:00:00,0.10784,0.10816,0.10756,0.10773,20308856.0
2026-02-04 11:00:00,0.10774,0.10779,0.10637,0.10731,55432155.0
2026-02-04 12:00:00,0.10731,0.10779,0.10714,0.10739,30608483.0
2026-02-04 13:00:00,0.10738,0.10753,0.1057,0.10577,55592709.0
2026-02-04 14:00:00,0.10576,0.10658,0.10398,0.10415,107409094.0
2026-02-04 15:00:00,0.10416,0.10532,0.10276,0.10342,116533822.0
2026-02-04 16:00:00,0.10343,0.10431,0.10196,0.10323,141821853.0
2026-02-04 17:00:00,0.10323,0.10386,0.10142,0.1029,97087327.0
2026-02-04 18:00:00,0.1029,0.10483,0.10153,0.10363,119522792.0
2026-02-04 19:00:00,0.10364,0.10556,0.10341,0.10535,60724567.0
2026-02-04 20:00:00,0.10535,0.10549,0.10438,0.10453,21303614.0
2026-02-04 21:00:00,0.10452,0.10483,0.10231,0.10308,45859185.0
2026-02-04 22:00:00,0.10309,0.1048,0.10127,0.10285,73297251.0
2026-02-04 23:00:00,0.10284,0.10472,0.10252,0.10383,54251705.0
2026-02-05 00:00:00,0.10383,0.10409,0.10314,0.10358,24671186.0
2026-02-05 01:00:00,0.10358,0.10477,0.10254,0.1036,58371132.0
2026-02-05 02:00:00,0.10361,0.10438,0.10226,0.10251,113783550.0
2026-02-05 03:00:00,0.1025,0.10367,0.10221,0.1026,54558901.0
2026-02-05 04:00:00,0.1026,0.10321,0.1016,0.10225,75369745.0
2026-02-05 05:00:00,0.10226,0.10361,0.10092,0.10234,123020500.0
2026-02-05 06:00:00,0.10235,0.10252,0.10065,0.10116,73667196.0
2026-02-05 07:00:00,0.10115,0.10285,0.10095,0.10117,67679807.0
2026-02-05 08:00:00,0.10118,0.10282,0.10108,0.10183,34619314.0
2026-02-05 09:00:00,0.10183,0.10297,0.1015,0.10167,42208802.0
2026-02-05 10:00:00,0.10168,0.10172,0.09914,0.09951,85371607.0
2026-02-05 11:00:00,0.0995,0.09983,0.09736,0.09874,125928398.0
2026-02-05 12:00:00,0.09875,0.09917,0.09764,0.09852,109601363.0
2026-02-05 13:00:00,0.09852,0.09937,0.09793,0.09829,73684199.0
2026-02-05 14:00:00,0.09828,0.10054,0.09825,0.0985,93178073.0
2026-02-05 15:00:00,0.09849,0.09879,0.09265,0.09421,443388168.0
2026-02-05 16:00:00,0.09421,0.09545,0.093,0.09425,211409080.0
2026-02-05 17:00:00,0.09425,0.09461,0.091,0.09194,192533510.0
2026-02-05 18:00:00,0.09194,0.09279,0.09048,0.0925,141956135.0
2026-02-05 19:00:00,0.09251,0.09284,0.09074,0.09118,67175789.0
2026-02-05 20:00:00,0.09118,0.09185,0.08729,0.08908,412145637.0
2026-02-05 21:00:00,0.08908,0.09129,0.08751,0.08839,227138138.0
2026-02-05 22:00:00,0.08839,0.0907,0.08675,0.08964,189537765.0
2026-02-05 23:00:00,0.08964,0.09132,0.08805,0.08849,125817599.0
2026-02-06 00:00:00,0.08848,0.08885,0.08001,0.08762,903815058.0
2026-02-06 01:00:00,0.08762,0.09105,0.08725,0.0908,186480673.0
2026-02-06 02:00:00,0.09081,0.0914,0.08879,0.08939,109433592.0
2026-02-06 03:00:00,0.0894,0.09026,0.08916,0.08989,80407459.0
2026-02-06 04:00:00,0.08988,0.09149,0.0895,0.09088,58490243.0
2026-02-06 05:00:00,0.09087,0.09352,0.09075,0.09312,86703096.0
2026-02-06 06:00:00,0.09313,0.09348,0.09127,0.09146,103898718.0
2026-02-06 07:00:00,0.09146,0.09163,0.09039,0.09071,84211009.0
2026-02-06 08:00:00,0.09072,0.09133,0.09015,0.09084,73740724.0
2026-02-06 09:00:00,0.09083,0.09298,0.09059,0.09262,71060645.0
2026-02-06 10:00:00,0.09261,0.09385,0.09215,0.09368,56813479.0
2026-02-06 11:00:00,0.09367,0.09431,0.09319,0.09371,54235665.0
2026-02-06 12:00:00,0.0937,0.0937,0.09304,0.09348,35398148.0
2026-02-06 13:00:00,0.09348,0.09549,0.09328,0.09483,85221087.0
2026-02-06 14:00:00,0.09484,0.09686,0.09378,0.09645,114656251.0
2026-02-06 15:00:00,0.09646,0.09694,0.09545,0.09643,109323059.0
2026-02-06 16:00:00,0.09643,0.10014,0.09604,0.09916,190269485.0
2026-02-06 17:00:00,0.09916,0.10211,0.09854,0.1002,146583185.0
2026-02-06 18:00:00,0.10021,0.1004,0.09825,0.09916,116663371.0
2026-02-06 19:00:00,0.09917,0.09965,0.09829,0.09878,60222763.0
2026-02-06 20:00:00,0.09877,0.0997,0.09813,0.09867,55967572.0
2026-02-06 21:00:00,0.09868,0.09924,0.09812,0.09877,27237232.0
2026-02-06 22:00:00,0.09878,0.09981,0.09871,0.09947,38222396.0
2026-02-06 23:00:00,0.09947,0.09982,0.09838,0.09848,45441866.0
2026-02-07 00:00:00,0.09847,0.0985,0.09744,0.09784,58627110.0
2026-02-07 01:00:00,0.09784,0.09874,0.09729,0.09851,39100892.0
2026-02-07 02:00:00,0.0985,0.09871,0.09769,0.09807,27250715.0
2026-02-07 03:00:00,0.09807,0.09901,0.09798,0.09863,28048772.0
2026-02-07 04:00:00,0.09863,0.09923,0.09785,0.09813,70759444.0
2026-02-07 05:00:00,0.09812,0.0989,0.09806,0.09842,29367407.0
2026-02-07 06:00:00,0.09842,0.09891,0.0964,0.09653,68680548.0
2026-02-07 07:00:00,0.09653,0.0971,0.09472,0.09585,123086059.0
2026-02-07 08:00:00,0.09584,0.09631,0.09546,0.09588,47895591.0
2026-02-07 09:00:00,0.09589,0.0963,0.09515,0.0955,33269514.0
2026-02-07 10:00:00,0.0955,0.09568,0.09482,0.09559,39652147.0
2026-02-07 11:00:00,0.09558,0.09565,0.09522,0.09547,22136160.0
2026-02-07 12:00:00,0.09546,0.09774,0.09536,0.0969,103561989.0
2026-02-07 13:00:00,0.09691,0.09715,0.09583,0.09614,54969783.0
2026-02-07 14:00:00,0.09615,0.09653,0.0954,0.09568,28146978.0
2026-02-07 15:00:00,0.09569,0.09713,0.09553,0.09683,43074883.0
2026-02-07 16:00:00,0.09682,0.0988,0.09639,0.09777,496965693.0
2026-02-07 17:00:00,0.09777,0.09849,0.097,0.09807,22169306.0
2026-02-07 18:00:00,0.09806,0.09948,0.09797,0.0988,39921304.0
2026-02-07 19:00:00,0.0988,0.09915,0.09828,0.0984,15775383.0
2026-02-07 20:00:00,0.0984,0.09892,0.09822,0.09871,16585983.0
2026-02-07 21:00:00,0.09871,0.09893,0.09825,0.09835,11008377.0
2026-02-07 22:00:00,0.09834,0.09884,0.09824,0.09835,12641802.0
2026-02-07 23:00:00,0.09835,0.09846,0.09767,0.09823,15994621.0
2026-02-08 00:00:00,0.09823,0.09838,0.09762,0.09789,12692977.0
2026-02-08 01:00:00,0.09789,0.0985,0.09787,0.09805,10124881.0
2026-02-08 02:00:00,0.09805,0.09844,0.0973,0.09767,12917363.0
2026-02-08 03:00:00,0.09766,0.09781,0.0969,0.09699,17256126.0
2026-02-08 04:00:00,0.09698,0.09725,0.09665,0.09721,15509407.0
2026-02-08 05:00:00,0.09721,0.09762,0.09686,0.09701,13905873.0
2026-02-08 06:00:00,0.09701,0.09719,0.0967,0.09686,11970710.0
2026-02-08 07:00:00,0.09686,0.09697,0.09635,0.09687,13338148.0
2026-02-08 08:00:00,0.09687,0.09881,0.09672,0.09863,45907071.0
2026-02-08 09:00:00,0.09864,0.09867,0.09735,0.09744,32273415.0
2026-02-08 10:00:00,0.09745,0.09793,0.0962,0.09668,31157424.0
2026-02-08 11:00:00,0.09667,0.09858,0.09656,0.09844,36772571.0
2026-02-08 12:00:00,0.09845,0.0985,0.09757,0.09839,27948983.0
2026-02-08 13:00:00,0.09839,0.09862,0.09776,0.09833,38382201.0
2026-02-08 14:00:00,0.09833,0.09852,0.09777,0.09826,16706837.0
2026-02-08 15:00:00,0.09825,0.09844,0.09686,0.09734,32606986.0
2026-02-08 16:00:00,0.09733,0.09784,0.0951,0.09555,54486760.0
2026-02-08 17:00:00,0.09555,0.09672,0.09551,0.09643,19129230.0
2026-02-08 18:00:00,0.09643,0.09796,0.09636,0.09736,25826082.0
2026-02-08 19:00:00,0.09736,0.0979,0.09713,0.09771,13075373.0
2026-02-08 20:00:00,0.09772,0.09772,0.09655,0.0967,15617357.0
2026-02-08 21:00:00,0.0967,0.09693,0.09592,0.09635,18950255.0
2026-02-08 22:00:00,0.09635,0.09712,0.09635,0.09702,25924228.0
2026-02-08 23:00:00,0.09701,0.09902,0.09596,0.09663,74045182.0
2026-02-09 00:00:00,0.09663,0.09698,0.09583,0.09604,21031461.0
